playerID,yearID,inducted
cobbty01,1936,Y
ruthba01,1936,Y
wagneho01,1936,Y
mathech01,1936,Y
johnswa01,1936,Y
lajoina01,1936,N
speaktr01,1936,N
youngcy01,1936,N
hornsro01,1936,N
cochrmi01,1936,N
sislege01,1936,N
collied01,1936,N
colliji01,1936,N
alexape01,1936,N
gehrilo01,1936,N
bresnro01,1936,N
keelewi01,1936,N
ansonca01,1936,N
ewingbu01,1936,N
keelewi01,1936,N
wadderu01,1936,N
youngcy01,1936,N
delahed01,1936,N
foxxji01,1936,N
walshed01,1936,N
mcgrajo01,1936,N
delahed01,1936,N
radboch01,1936,N
traynpi01,1936,N
kellyki01,1936,N
longhe01,1936,N
friscfr01,1936,N
grovele01,1936,N
jennihu01,1936,N
rusieam01,1936,N
chaseha01,1936,N
youngro01,1936,N
clarkfr01,1936,N
terrybi01,1936,N
colliji01,1936,N
klingjo01,1936,N
crigelo01,1936,N
comisch01,1936,N
dennyje01,1936,N
langebi01,1936,N
robinwi01,1936,N
stoveha01,1936,N
wrighge01,1936,N
brownmo01,1936,N
eversjo01,1936,N
clarkjo01,1936,N
wagneho01,1936,N
chancfr01,1936,N
spaldal01,1936,N
mcgrajo01,1936,N
schalra01,1936,N
simmoal01,1936,N
barnero01,1936,N
bennech01,1936,N
duffyhu01,1936,N
nichoki01,1936,N
wardjo01,1936,N
broutda01,1936,N
dunlafr01,1936,N
glassja01,1936,N
hamilbi01,1936,N
lajoina01,1936,N
willine01,1936,N
bendech01,1936,N
jacksjo01,1936,N
roushed01,1936,N
allisdo01,1936,N
battijo01,1936,N
becklja01,1936,N
bondto01,1936,N
burkeje01,1936,N
crigelo01,1936,N
dahlebi01,1936,N
daubeja01,1936,N
doyleja01,1936,N
keefeti01,1936,N
kilroma01,1936,N
lathaar01,1936,N
lowebo01,1936,N
mcaleji01,1936,N
mccarto01,1936,N
mcveyca01,1936,N
paborch01,1936,N
pikeli01,1936,N
remseja01,1936,N
richaha01,1936,N
tennefr02,1936,N
vanhage01,1936,N
wallabo01,1936,N
whitede01,1936,N
bakerfr01,1936,N
bradlbi01,1936,N
clarkfr01,1936,N
crawfsa01,1936,N
elberki01,1936,N
mackco01,1936,N
marquru01,1936,N
ruckena01,1936,N
vanceda01,1936,N
cummica01,1936,N
flintsi01,1936,N
richmle01,1936,N
gehrich01,1936,N
hartnga01,1936,N
sullibi03,1936,N
lajoina01,1937,Y
speaktr01,1937,Y
youngcy01,1937,Y
alexape01,1937,N
collied01,1937,N
keelewi01,1937,N
sislege01,1937,N
delahed01,1937,N
wadderu01,1937,N
colliji01,1937,N
walshed01,1937,N
hornsro01,1937,N
chancfr01,1937,N
eversjo01,1937,N
bresnro01,1937,N
brownmo01,1937,N
maranra01,1937,N
schalra01,1937,N
planked01,1937,N
clarkfr01,1937,N
klingjo01,1937,N
chaseha01,1937,N
bendech01,1937,N
crigelo01,1937,N
youngro01,1937,N
pennohe01,1937,N
tinkejo01,1937,N
bakerfr01,1937,N
marquru01,1937,N
woodjo02,1937,N
mcginjo01,1937,N
jossad01,1937,N
ruckena01,1937,N
heilmha01,1937,N
roushed01,1937,N
vanceda01,1937,N
adamsba01,1937,N
duffyhu01,1937,N
archeji01,1937,N
careyma01,1937,N
donlimi01,1937,N
hoopeha01,1937,N
bradlbi01,1937,N
carribi02,1937,N
crawfsa01,1937,N
huggimi01,1937,N
mcgrajo01,1937,N
robinwi01,1937,N
tennefr02,1937,N
wheatza01,1937,N
combsea01,1937,N
griffcl01,1937,N
jennihu01,1937,N
altroni01,1937,N
bancrda01,1937,N
burnsge01,1937,N
donovbi01,1937,N
faberre01,1937,N
lewisdu01,1937,N
nehfar01,1937,N
peckiro01,1937,N
bergema01,1937,N
bodiepi01,1937,N
coombja01,1937,N
cravaga01,1937,N
daubeja01,1937,N
doylela01,1937,N
fletcar01,1937,N
gowdyha01,1937,N
loberha01,1937,N
mageesh01,1937,N
schreos01,1937,N
scottev01,1937,N
breitte01,1937,N
burkeje01,1937,N
bushdo01,1937,N
chesbja01,1937,N
cissebi01,1937,N
collish01,1937,N
dooinre01,1937,N
duganjo01,1937,N
elberki01,1937,N
falkecy01,1937,N
gleaski01,1937,N
grimebu01,1937,N
grohhe01,1937,N
hinchbi01,1937,N
judgejo01,1937,N
kerrdi01,1937,N
leachto01,1937,N
leevesa01,1937,N
longhe01,1937,N
luquedo01,1937,N
mcinnst01,1937,N
mcleala01,1937,N
meusebo01,1937,N
milleha01,1937,N
moranpa01,1937,N
murphda02,1937,N
murrare01,1937,N
paskedo01,1937,N
raymobu01,1937,N
rixeyep01,1937,N
rudoldi01,1937,N
rusieam01,1937,N
schulfr01,1937,N
seweljo01,1937,N
steinha01,1937,N
streega01,1937,N
sullibi03,1937,N
veachbo01,1937,N
wallabo01,1937,N
wilsoha01,1937,N
bulkemo99,1937,Y
johnsba99,1937,Y
mackco01,1937,Y
mcgrajo01,1937,Y
wrighge01,1937,Y
alexape01,1938,Y
sislege01,1938,N
keelewi01,1938,N
collied01,1938,N
wadderu01,1938,N
chancfr01,1938,N
delahed01,1938,N
walshed01,1938,N
eversjo01,1938,N
colliji01,1938,N
maranra01,1938,N
bresnro01,1938,N
clarkfr01,1938,N
brownmo01,1938,N
huggimi01,1938,N
hornsro01,1938,N
schalra01,1938,N
youngro01,1938,N
planked01,1938,N
pennohe01,1938,N
mcginjo01,1938,N
bendech01,1938,N
bakerfr01,1938,N
klingjo01,1938,N
duffyhu01,1938,N
jennihu01,1938,N
jossad01,1938,N
robinwi01,1938,N
tinkejo01,1938,N
heilmha01,1938,N
ruckena01,1938,N
adamsba01,1938,N
crawfsa01,1938,N
crigelo01,1938,N
griffcl01,1938,N
marquru01,1938,N
vanceda01,1938,N
roushed01,1938,N
gowdyha01,1938,N
rusieam01,1938,N
tennefr02,1938,N
altroni01,1938,N
archeji01,1938,N
combsea01,1938,N
terrybi01,1938,N
wallabo01,1938,N
wheatza01,1938,N
careyma01,1938,N
woodjo02,1938,N
donlimi01,1938,N
lewisdu01,1938,N
nehfar01,1938,N
carribi02,1938,N
dinnebi01,1938,N
doylela01,1938,N
hoopeha01,1938,N
mcinnst01,1938,N
barryja01,1938,N
burnsge01,1938,N
fletcar01,1938,N
grohhe01,1938,N
kerrdi01,1938,N
nichoki01,1938,N
traynpi01,1938,N
bancrda01,1938,N
bradlbi01,1938,N
burkeje01,1938,N
chesbja01,1938,N
coombja01,1938,N
cravaga01,1938,N
elberki01,1938,N
fosteed02,1938,N
judgejo01,1938,N
mageesh01,1938,N
peckiro01,1938,N
rixeyep01,1938,N
schreos01,1938,N
scottev01,1938,N
stengca01,1938,N
beaumgi01,1938,N
bergema01,1938,N
chapmra01,1938,N
coaklan01,1938,N
coopewi01,1938,N
covelst01,1938,N
cranddo01,1938,N
cruiswa01,1938,N
dahlebi01,1938,N
daubeja01,1938,N
donovbi01,1938,N
dooinre01,1938,N
duganjo01,1938,N
ehmkeho01,1938,N
faberre01,1938,N
flickel01,1938,N
gleaski01,1938,N
granted01,1938,N
grimebu01,1938,N
harribu01,1938,N
herzobu01,1938,N
irwinch01,1938,N
jonesfi01,1938,N
lathaar01,1938,N
loberha01,1938,N
longhe01,1938,N
luquedo01,1938,N
marbefi01,1938,N
meusebo01,1938,N
milancl01,1938,N
moranpa01,1938,N
murrare01,1938,N
perduhu01,1938,N
ricesa01,1938,N
sheckji01,1938,N
shockur01,1938,N
stahlja01,1938,N
streega01,1938,N
thomair01,1938,N
willicy01,1938,N
zimmech01,1938,N
cartwal99,1938,Y
chadwhe99,1938,Y
sislege01,1939,Y
collied01,1939,Y
keelewi01,1939,Y
wadderu01,1939,N
hornsro01,1939,N
chancfr01,1939,N
delahed01,1939,N
walshed01,1939,N
eversjo01,1939,N
huggimi01,1939,N
maranra01,1939,N
colliji01,1939,N
bresnro01,1939,N
clarkfr01,1939,N
brownmo01,1939,N
robinwi01,1939,N
bendech01,1939,N
pennohe01,1939,N
schalra01,1939,N
duffyhu01,1939,N
youngro01,1939,N
jennihu01,1939,N
mcginjo01,1939,N
bakerfr01,1939,N
cochrmi01,1939,N
jossad01,1939,N
planked01,1939,N
friscfr01,1939,N
griffcl01,1939,N
terrybi01,1939,N
vanceda01,1939,N
klingjo01,1939,N
ruckena01,1939,N
tinkejo01,1939,N
adamsba01,1939,N
traynpi01,1939,N
heilmha01,1939,N
roushed01,1939,N
careyma01,1939,N
dinnebi01,1939,N
nichoki01,1939,N
altroni01,1939,N
chesbja01,1939,N
crawfsa01,1939,N
lewisdu01,1939,N
rusieam01,1939,N
stengca01,1939,N
donlimi01,1939,N
hoopeha01,1939,N
kerrdi01,1939,N
wallabo01,1939,N
gowdyha01,1939,N
marquru01,1939,N
mcinnst01,1939,N
wheatza01,1939,N
archeji01,1939,N
combsea01,1939,N
faberre01,1939,N
mccarjo99,1939,N
tennefr02,1939,N
bushdo01,1939,N
carribi02,1939,N
cravaga01,1939,N
crigelo01,1939,N
donovbi01,1939,N
ewingbu01,1939,N
granted01,1939,N
loberha01,1939,N
schreos01,1939,N
woodjo02,1939,N
bancrda01,1939,N
barryja01,1939,N
bergema01,1939,N
bradlbi01,1939,N
burnsge01,1939,N
coopewi01,1939,N
crossla01,1939,N
daubeja01,1939,N
doylela01,1939,N
fletcar01,1939,N
frasech01,1939,N
gleaski01,1939,N
grimebu01,1939,N
grimmch01,1939,N
hahnno01,1939,N
haineje01,1939,N
harribu01,1939,N
hoytwa01,1939,N
irwinch01,1939,N
jonessa01,1939,N
kellejo01,1939,N
knabeot01,1939,N
leachto01,1939,N
longhe01,1939,N
luquedo01,1939,N
mageesh01,1939,N
moranpa01,1939,N
nehfar01,1939,N
peckiro01,1939,N
peitzhe01,1939,N
perduhu01,1939,N
phillde01,1939,N
schacal01,1939,N
scottev01,1939,N
shockur01,1939,N
stahlja01,1939,N
steinha01,1939,N
wilsoha01,1939,N
ansonca01,1939,Y
comisch01,1939,Y
cummica01,1939,Y
ewingbu01,1939,Y
gehrilo01,1939,Y
radboch01,1939,Y
spaldal01,1939,Y
hornsro01,1942,Y
chancfr01,1942,N
wadderu01,1942,N
walshed01,1942,N
huggimi01,1942,N
delahed01,1942,N
eversjo01,1942,N
robinwi01,1942,N
cochrmi01,1942,N
friscfr01,1942,N
duffyhu01,1942,N
pennohe01,1942,N
griffcl01,1942,N
colliji01,1942,N
maranra01,1942,N
jennihu01,1942,N
brownmo01,1942,N
planked01,1942,N
mcginjo01,1942,N
clarkfr01,1942,N
bresnro01,1942,N
bendech01,1942,N
schalra01,1942,N
traynpi01,1942,N
youngro01,1942,N
bakerfr01,1942,N
vanceda01,1942,N
terrybi01,1942,N
tinkejo01,1942,N
jossad01,1942,N
klingjo01,1942,N
ruckena01,1942,N
adamsba01,1942,N
gowdyha01,1942,N
nichoki01,1942,N
burkeje01,1942,N
heilmha01,1942,N
granted01,1942,N
rickebr01,1942,N
wheatza01,1942,N
bushdo01,1942,N
crawfsa01,1942,N
martipe01,1942,N
peckiro01,1942,N
wallabo01,1942,N
beaumgi01,1942,N
becklja01,1942,N
boleyjo01,1942,N
bradlbi01,1942,N
crossla01,1942,N
dinnebi01,1942,N
dunnja01,1942,N
elberki01,1942,N
faberre01,1942,N
hamilbi01,1942,N
hermaba01,1942,N
hoytwa01,1942,N
kellejo01,1942,N
kerrdi01,1942,N
lathaar01,1942,N
lowebo01,1942,N
mageesh01,1942,N
phillde01,1942,N
roushed01,1942,N
rusieam01,1942,N
schaege01,1942,N
scottev01,1942,N
steinha01,1942,N
tennefr02,1942,N
wambsbi01,1942,N
wilsoha01,1942,N
woodjo02,1942,N
landike99,1944,Y
chancfr01,1945,N
wadderu01,1945,N
walshed01,1945,N
eversjo01,1945,N
bresnro01,1945,N
huggimi01,1945,N
cochrmi01,1945,N
colliji01,1945,N
delahed01,1945,N
griffcl01,1945,N
friscfr01,1945,N
jennihu01,1945,N
robinwi01,1945,N
traynpi01,1945,N
duffyhu01,1945,N
clarkfr01,1945,N
maranra01,1945,N
tinkejo01,1945,N
brownmo01,1945,N
pennohe01,1945,N
mcginjo01,1945,N
bendech01,1945,N
planked01,1945,N
schalra01,1945,N
terrybi01,1945,N
grovele01,1945,N
bakerfr01,1945,N
hubbeca01,1945,N
jossad01,1945,N
youngro01,1945,N
vanceda01,1945,N
deandi01,1945,N
dickebi01,1945,N
klingjo01,1945,N
gehrich01,1945,N
ruckena01,1945,N
adamsba01,1945,N
gomezle01,1945,N
heilmha01,1945,N
nichoki01,1945,N
roushed01,1945,N
crawfsa01,1945,N
lyonste01,1945,N
carribi02,1945,N
donovbi01,1945,N
gowdyha01,1945,N
greenha01,1945,N
wallabo01,1945,N
burkeje01,1945,N
elberki01,1945,N
granted01,1945,N
hartnga01,1945,N
lowebo01,1945,N
mckecbi01,1945,N
phillde01,1945,N
rickebr01,1945,N
stengca01,1945,N
wheatza01,1945,N
beaumgi01,1945,N
bushdo01,1945,N
camniho01,1945,N
careyma01,1945,N
combsea01,1945,N
conrowi01,1945,N
davisha01,1945,N
dimagjo01,1945,N
dinnebi01,1945,N
donlimi01,1945,N
dunnja01,1945,N
gleaski01,1945,N
gordojo01,1945,N
grimmch01,1945,N
grohhe01,1945,N
kerrdi01,1945,N
lazzeto01,1945,N
lewisdu01,1945,N
longhe01,1945,N
mageesh01,1945,N
martipe01,1945,N
meusebo01,1945,N
moranpa01,1945,N
mungova01,1945,N
murphda02,1945,N
ritchcl01,1945,N
rixeyep01,1945,N
rootch01,1945,N
rusieam01,1945,N
seymocy01,1945,N
sheckji01,1945,N
southbi01,1945,N
sweenbi02,1945,N
tanneje01,1945,N
vandejo01,1945,N
willicy01,1945,N
yerkest02,1945,N
bresnro01,1945,Y
broutda01,1945,Y
clarkfr01,1945,Y
colliji01,1945,Y
delahed01,1945,Y
duffyhu01,1945,Y
jennihu01,1945,Y
kellyki01,1945,Y
orourji01,1945,Y
robinwi01,1945,Y
chancfr01,1946,N
chancfr01,1946,N
eversjo01,1946,N
huggimi01,1946,N
wadderu01,1946,N
walshed01,1946,N
eversjo01,1946,N
huggimi01,1946,N
walshed01,1946,N
friscfr01,1946,N
hubbeca01,1946,N
wadderu01,1946,N
griffcl01,1946,N
cochrmi01,1946,N
hubbeca01,1946,N
griffcl01,1946,N
grovele01,1946,N
friscfr01,1946,N
cochrmi01,1946,N
traynpi01,1946,N
grovele01,1946,N
brownmo01,1946,N
tinkejo01,1946,N
traynpi01,1946,N
mcginjo01,1946,N
maranra01,1946,N
brownmo01,1946,N
mcginjo01,1946,N
deandi01,1946,N
tinkejo01,1946,N
gehrich01,1946,N
pennohe01,1946,N
deandi01,1946,N
dickebi01,1946,N
bakerfr01,1946,N
bendech01,1946,N
bakerfr01,1946,N
schalra01,1946,N
bendech01,1946,N
planked01,1946,N
dickebi01,1946,N
terrybi01,1946,N
vanceda01,1946,N
maranra01,1946,N
foxxji01,1946,N
youngro01,1946,N
gehrich01,1946,N
heilmha01,1946,N
klingjo01,1946,N
pennohe01,1946,N
jossad01,1946,N
ruckena01,1946,N
roushed01,1946,N
crawfsa01,1946,N
adamsba01,1946,N
crigelo01,1946,N
marquru01,1946,N
wheatza01,1946,N
woodjo02,1946,N
donovbi01,1946,N
gomezle01,1946,N
wanerpa01,1946,N
lyonste01,1946,N
burkeje01,1946,N
bushdo01,1946,N
coombja01,1946,N
davisha01,1946,N
hartnga01,1946,N
jacksjo01,1946,N
mckecbi01,1946,N
bancrda01,1946,N
beaumgi01,1946,N
bradlbi01,1946,N
chesbja01,1946,N
clarkjo01,1946,N
cravaga01,1946,N
dinnebi01,1946,N
dunnja01,1946,N
granted01,1946,N
grimmch01,1946,N
hoytwa01,1946,N
jonesfi01,1946,N
killebi01,1946,N
knabeot01,1946,N
longhe01,1946,N
mageesh01,1946,N
martipe01,1946,N
nichoki01,1946,N
phillde01,1946,N
ruelmu01,1946,N
sheckji01,1946,N
simmoal01,1946,N
southbi01,1946,N
sparktu01,1946,N
sullibi03,1946,N
tanneje01,1946,N
tennefr01,1946,N
burkeje01,1946,Y
chancfr01,1946,Y
chesbja01,1946,Y
eversjo01,1946,Y
griffcl01,1946,Y
mccarto01,1946,Y
mcginjo01,1946,Y
planked01,1946,Y
tinkejo01,1946,Y
wadderu01,1946,Y
walshed01,1946,Y
hubbeca01,1947,Y
friscfr01,1947,Y
cochrmi01,1947,Y
grovele01,1947,Y
traynpi01,1947,N
gehrich01,1947,N
maranra01,1947,N
deandi01,1947,N
pennohe01,1947,N
bendech01,1947,N
heilmha01,1947,N
schalra01,1947,N
vanceda01,1947,N
bakerfr01,1947,N
terrybi01,1947,N
wheatza01,1947,N
youngro01,1947,N
woodjo02,1947,N
roushed01,1947,N
adamsba01,1947,N
marquru01,1947,N
foxxji01,1947,N
cronijo01,1947,N
simmoal01,1947,N
fletcar01,1947,N
cravaga01,1947,N
hartnga01,1947,N
mccarjo99,1947,N
rixeyep01,1947,N
turnete01,1947,N
dyered01,1947,N
gelbech01,1947,N
gomezle01,1947,N
gowdyha01,1947,N
haineje01,1947,N
hargrbu01,1947,N
kellyge01,1947,N
lazzeto01,1947,N
scottev01,1947,N
pennohe01,1948,Y
traynpi01,1948,Y
simmoal01,1948,N
gehrich01,1948,N
terrybi01,1948,N
wanerpa01,1948,N
foxxji01,1948,N
deandi01,1948,N
heilmha01,1948,N
dickebi01,1948,N
maranra01,1948,N
hartnga01,1948,N
cronijo01,1948,N
vanceda01,1948,N
schalra01,1948,N
lazzeto01,1948,N
youngro01,1948,N
roushed01,1948,N
gomezle01,1948,N
lyonste01,1948,N
wheatza01,1948,N
careyma01,1948,N
wilsoji01,1948,N
grimebu01,1948,N
hoytwa01,1948,N
martipe01,1948,N
combsea01,1948,N
grimmch01,1948,N
marquru01,1948,N
meusebo01,1948,N
bendech01,1948,N
dykesji01,1948,N
jackstr01,1948,N
mcinnst01,1948,N
rixeyep01,1948,N
woodjo02,1948,N
adamsba01,1948,N
bakerfr01,1948,N
bancrda01,1948,N
bottoji01,1948,N
huggimi01,1948,N
odoulle01,1948,N
ruffire01,1948,N
cuyleki01,1948,N
duganjo01,1948,N
earnsge01,1948,N
faberre01,1948,N
fletcar01,1948,N
gowdyha01,1948,N
harribu01,1948,N
kleinch01,1948,N
rommeed01,1948,N
rootch01,1948,N
scottev01,1948,N
bluegos01,1948,N
coombja01,1948,N
coopewi01,1948,N
covelst01,1948,N
fitzsfr01,1948,N
hackst01,1948,N
haineje01,1948,N
hermaba01,1948,N
hoopeha01,1948,N
kellyge01,1948,N
klingjo01,1948,N
oneilst01,1948,N
quinnja01,1948,N
schacal01,1948,N
wilsoha01,1948,N
wrighgl01,1948,N
bartedi01,1948,N
bigbeca01,1948,N
cadorle01,1948,N
camildo01,1948,N
davissp01,1948,N
derripa01,1948,N
durocle01,1948,N
ferrewe01,1948,N
fonsele01,1948,N
gosligo01,1948,N
grohhe01,1948,N
hafeych01,1948,N
hallabi01,1948,N
hermabi01,1948,N
johnsbo01,1948,N
kremera01,1948,N
manushe01,1948,N
medwijo01,1948,N
milledo02,1948,N
mulcahu01,1948,N
mungova01,1948,N
oeschjo01,1948,N
ricesa01,1948,N
schanwa01,1948,N
schumha02,1948,N
selkige01,1948,N
severha01,1948,N
seweljo01,1948,N
sewellu01,1948,N
sherdbi01,1948,N
shockur01,1948,N
smithea02,1948,N
smithsh01,1948,N
stengca01,1948,N
westsa01,1948,N
willicy01,1948,N
gehrich01,1949,Y
ottme01,1949,N
gehrich01,1949,N
ottme01,1949,N
simmoal01,1949,N
foxxji01,1949,N
deandi01,1949,N
foxxji01,1949,N
terrybi01,1949,N
deandi01,1949,N
simmoal01,1949,N
wanerpa01,1949,N
greenha01,1949,N
dickebi01,1949,N
wanerpa01,1949,N
heilmha01,1949,N
maranra01,1949,N
heilmha01,1949,N
terrybi01,1949,N
greenha01,1949,N
dickebi01,1949,N
maranra01,1949,N
hartnga01,1949,N
cronijo01,1949,N
vanceda01,1949,N
lyonste01,1949,N
schalra01,1949,N
wilsoha01,1949,N
ruffire01,1949,N
lazzeto01,1949,N
youngro01,1949,N
gomezle01,1949,N
schalra01,1949,N
martipe01,1949,N
cronijo01,1949,N
wheatza01,1949,N
vanceda01,1949,N
roushed01,1949,N
lyonste01,1949,N
careyma01,1949,N
wilsoha01,1949,N
harribu01,1949,N
youngro01,1949,N
gowdyha01,1949,N
grimmch01,1949,N
kleinch01,1949,N
bottoji01,1949,N
grimebu01,1949,N
mcinnst01,1949,N
dykesji01,1949,N
hoytwa01,1949,N
southbi01,1949,N
hartnga01,1949,N
combsea01,1949,N
faberre01,1949,N
jackstr01,1949,N
oneilst01,1949,N
wilsoji01,1949,N
lazzeto01,1949,N
adamsba01,1949,N
bancrda01,1949,N
hermaba01,1949,N
coopewi01,1949,N
cuyleki01,1949,N
gosligo01,1949,N
hackst01,1949,N
hardeme01,1949,N
marquru01,1949,N
odoulle01,1949,N
rixeyep01,1949,N
ruffire01,1949,N
covelst01,1949,N
meusebo01,1949,N
ricesa01,1949,N
scottev01,1949,N
stengca01,1949,N
wanerll01,1949,N
bendech01,1949,N
duganjo01,1949,N
earnsge01,1949,N
fitzsfr01,1949,N
gelbech01,1949,N
hafeych01,1949,N
haineje01,1949,N
jurgebi01,1949,N
lucasre01,1949,N
rommeed01,1949,N
shockur01,1949,N
warnelo01,1949,N
willicy01,1949,N
averiea01,1949,N
bluegos01,1949,N
bodiepi01,1949,N
burnsge01,1949,N
chapmbe01,1949,N
davissp01,1949,N
durocle01,1949,N
ehmkeho01,1949,N
ferrewe01,1949,N
fletcar01,1949,N
judgejo01,1949,N
kellyge01,1949,N
kerrdi01,1949,N
lindsfr01,1949,N
lopezal01,1949,N
manushe01,1949,N
myerbu01,1949,N
nehfar01,1949,N
peckiro01,1949,N
pruethu01,1949,N
ringji01,1949,N
rootch01,1949,N
selkige01,1949,N
sherdbi01,1949,N
toneyfr01,1949,N
werbebi01,1949,N
wittwh01,1949,N
wrighgl01,1949,N
brownmo01,1949,Y
nichoki01,1949,Y
ottme01,1950,N
terrybi01,1950,N
foxxji01,1950,N
wanerpa01,1950,N
simmoal01,1950,N
heilmha01,1950,N
deandi01,1950,N
dickebi01,1950,N
maranra01,1950,N
greenha01,1950,N
hartnga01,1950,N
vanceda01,1950,N
lyonste01,1950,N
cronijo01,1950,N
lazzeto01,1950,N
gomezle01,1950,N
wheatza01,1950,N
youngro01,1950,N
roushed01,1950,N
schalra01,1950,N
wilsoha01,1950,N
careyma01,1950,N
kleinch01,1950,N
grimmch01,1950,N
ruffire01,1950,N
cuyleki01,1950,N
haineje01,1950,N
hoytwa01,1950,N
bancrda01,1950,N
faberre01,1950,N
odoulle01,1950,N
willicy01,1950,N
bottoji01,1950,N
hackst01,1950,N
martipe01,1950,N
rolfere01,1950,N
adamsba01,1950,N
bendech01,1950,N
gowdyha01,1950,N
grimebu01,1950,N
jackstr01,1950,N
rixeyep01,1950,N
bakerfr01,1950,N
hafeych01,1950,N
harribu01,1950,N
ofarrbo01,1950,N
ruelmu01,1950,N
waltebu01,1950,N
wilsoji01,1950,N
combsea01,1950,N
lombaer01,1950,N
scottev01,1950,N
stengca01,1950,N
burnsge01,1950,N
chandsp01,1950,N
dykesji01,1950,N
earnsge01,1950,N
fonsele01,1950,N
gosligo01,1950,N
grohhe01,1950,N
hardeme01,1950,N
hermaba01,1950,N
higgipi01,1950,N
hoopeha01,1950,N
huggimi01,1950,N
meusebo01,1950,N
nehfar01,1950,N
theveto01,1950,N
wrighgl01,1950,N
covelst01,1950,N
crosefr01,1950,N
derripa01,1950,N
ensje01,1950,N
fitzsfr01,1950,N
fletcar01,1950,N
gelbech01,1950,N
gonzami01,1950,N
jonesfi01,1950,N
lucasre01,1950,N
luquedo01,1950,N
mageesh01,1950,N
marbefi01,1950,N
mcinnst01,1950,N
mckecbi01,1950,N
milancl01,1950,N
moorejo02,1950,N
moorete01,1950,N
oneilst01,1950,N
pruethu01,1950,N
ricesa01,1950,N
rommeed01,1950,N
rootch01,1950,N
schanwa01,1950,N
selkige01,1950,N
sherdbi01,1950,N
southbi01,1950,N
wambsbi01,1950,N
wanerll01,1950,N
werbebi01,1950,N
woodjo02,1950,N
ottme01,1951,Y
foxxji01,1951,Y
wanerpa01,1951,N
heilmha01,1951,N
terrybi01,1951,N
deandi01,1951,N
dickebi01,1951,N
simmoal01,1951,N
maranra01,1951,N
lyonste01,1951,N
vanceda01,1951,N
greenha01,1951,N
hartnga01,1951,N
cronijo01,1951,N
schalra01,1951,N
bendech01,1951,N
youngro01,1951,N
careyma01,1951,N
lazzeto01,1951,N
gowdyha01,1951,N
gomezle01,1951,N
roushed01,1951,N
wilsoha01,1951,N
martipe01,1951,N
wheatza01,1951,N
kleinch01,1951,N
hoytwa01,1951,N
odoulle01,1951,N
adamsba01,1951,N
bancrda01,1951,N
grimmch01,1951,N
harribu01,1951,N
ruffire01,1951,N
bakerfr01,1951,N
cuyleki01,1951,N
faberre01,1951,N
mckecbi01,1951,N
stengca01,1951,N
willicy01,1951,N
bottoji01,1951,N
rolfere01,1951,N
grimebu01,1951,N
rixeyep01,1951,N
woodjo02,1951,N
fletcar01,1951,N
jackstr01,1951,N
nehfar01,1951,N
schacal01,1951,N
southbi01,1951,N
dykesji01,1951,N
hackst01,1951,N
hoopeha01,1951,N
kerrdi01,1951,N
lombaer01,1951,N
marquru01,1951,N
mcinnst01,1951,N
oneilst01,1951,N
lewisdu01,1951,N
mageesh01,1951,N
scottev01,1951,N
selkige01,1951,N
wilsoji01,1951,N
bartedi01,1951,N
chandsp01,1951,N
coombja01,1951,N
coopewi01,1951,N
daubeja01,1951,N
derripa01,1951,N
ehmkeho01,1951,N
gelbech01,1951,N
hafeych01,1951,N
hardeme01,1951,N
hermaba01,1951,N
higgipi01,1951,N
jordati01,1951,N
mccarjo99,1951,N
milancl01,1951,N
paigesa01,1951,N
pruethu01,1951,N
ricesa01,1951,N
rommeed01,1951,N
rudoldi01,1951,N
ruelmu01,1951,N
sherdbi01,1951,N
wanerll01,1951,N
wrighgl01,1951,N
heilmha01,1952,Y
wanerpa01,1952,Y
terrybi01,1952,N
deandi01,1952,N
simmoal01,1952,N
dickebi01,1952,N
maranra01,1952,N
vanceda01,1952,N
lyonste01,1952,N
hartnga01,1952,N
greenha01,1952,N
bendech01,1952,N
cronijo01,1952,N
schalra01,1952,N
careyma01,1952,N
gowdyha01,1952,N
youngro01,1952,N
martipe01,1952,N
wheatza01,1952,N
gomezle01,1952,N
lazzeto01,1952,N
stengca01,1952,N
roushed01,1952,N
wilsoha01,1952,N
kleinch01,1952,N
odoulle01,1952,N
harribu01,1952,N
hoytwa01,1952,N
bancrda01,1952,N
lewisdu01,1952,N
cuyleki01,1952,N
hardeme01,1952,N
oneilst01,1952,N
ruffire01,1952,N
adamsba01,1952,N
faberre01,1952,N
grimebu01,1952,N
kerrdi01,1952,N
marquru01,1952,N
bottoji01,1952,N
wilsoji01,1952,N
grimmch01,1952,N
dykesji01,1952,N
henrito01,1952,N
rolfere01,1952,N
scottev01,1952,N
willicy01,1952,N
hermaba01,1952,N
nehfar01,1952,N
rixeyep01,1952,N
waltebu01,1952,N
averiea01,1952,N
coopewi01,1952,N
lopezal01,1952,N
peckiro01,1952,N
rommeed01,1952,N
wanerll01,1952,N
chapmbe01,1952,N
combsea01,1952,N
crosefr01,1952,N
durocle01,1952,N
ehmkeho01,1952,N
gonzami01,1952,N
hafeych01,1952,N
jackstr01,1952,N
luquedo01,1952,N
meusebo01,1952,N
milancl01,1952,N
pruethu01,1952,N
ricesa01,1952,N
ruelmu01,1952,N
selkige01,1952,N
southbi01,1952,N
werbebi01,1952,N
wrighgl01,1952,N
deandi01,1953,Y
simmoal01,1953,Y
terrybi01,1953,N
dickebi01,1953,N
maranra01,1953,N
vanceda01,1953,N
lyonste01,1953,N
dimagjo01,1953,N
bendech01,1953,N
hartnga01,1953,N
greenha01,1953,N
cronijo01,1953,N
stengca01,1953,N
gowdyha01,1953,N
careyma01,1953,N
schalra01,1953,N
martipe01,1953,N
wilsoha01,1953,N
gomezle01,1953,N
roushed01,1953,N
wheatza01,1953,N
youngro01,1953,N
lazzeto01,1953,N
ruffire01,1953,N
harribu01,1953,N
lewisdu01,1953,N
marquru01,1953,N
cuyleki01,1953,N
adamsba01,1953,N
hoytwa01,1953,N
kerrdi01,1953,N
oneilst01,1953,N
odoulle01,1953,N
bancrda01,1953,N
bottoji01,1953,N
henrito01,1953,N
waltebu01,1953,N
wilsoji01,1953,N
coopewi01,1953,N
faberre01,1953,N
grimebu01,1953,N
grimmch01,1953,N
hardeme01,1953,N
ruelmu01,1953,N
dykesji01,1953,N
rolfere01,1953,N
scottev01,1953,N
haineje01,1953,N
nehfar01,1953,N
willicy01,1953,N
combsea01,1953,N
ehmkeho01,1953,N
ricesa01,1953,N
rixeyep01,1953,N
wrighgl01,1953,N
applilu01,1953,N
doerrbo01,1953,N
hafeych01,1953,N
hermaba01,1953,N
jackstr01,1953,N
lopezal01,1953,N
peckiro01,1953,N
southbi01,1953,N
altroni01,1953,N
bushdo01,1953,N
gonzami01,1953,N
kellech01,1953,N
klingjo01,1953,N
langebi01,1953,N
luquedo01,1953,N
mccarjo99,1953,N
milancl01,1953,N
moorete01,1953,N
olearch01,1953,N
pruethu01,1953,N
roberda01,1953,N
rommeed01,1953,N
schaege01,1953,N
selkige01,1953,N
sherdbi01,1953,N
streega01,1953,N
vaughar01,1953,N
wambsbi01,1953,N
barroed99,1953,Y
bendech01,1953,Y
connoto99,1953,Y
klembi99,1953,Y
wallabo01,1953,Y
wrighha01,1953,Y
maranra01,1954,Y
dickebi01,1954,Y
terrybi01,1954,Y
dimagjo01,1954,N
lyonste01,1954,N
vanceda01,1954,N
hartnga01,1954,N
greenha01,1954,N
cronijo01,1954,N
careyma01,1954,N
schalra01,1954,N
roushed01,1954,N
gowdyha01,1954,N
wilsoha01,1954,N
gomezle01,1954,N
youngro01,1954,N
wheatza01,1954,N
lazzeto01,1954,N
ruffire01,1954,N
cuyleki01,1954,N
lewisdu01,1954,N
bottoji01,1954,N
marquru01,1954,N
hoytwa01,1954,N
adamsba01,1954,N
kerrdi01,1954,N
faberre01,1954,N
kleinch01,1954,N
bancrda01,1954,N
ricesa01,1954,N
wilsoji01,1954,N
coopewi01,1954,N
nehfar01,1954,N
haineje01,1954,N
rixeyep01,1954,N
ruelmu01,1954,N
ehmkeho01,1954,N
scottev01,1954,N
wambsbi01,1954,N
willicy01,1954,N
milancl01,1954,N
altroni01,1954,N
hafeych01,1954,N
vaughar01,1954,N
bluegos01,1954,N
bluelu01,1954,N
gosligo01,1954,N
grohhe01,1954,N
hermaba01,1954,N
jackstr01,1954,N
peckiro01,1954,N
seweljo01,1954,N
wrighgl01,1954,N
dimagjo01,1955,Y
lyonste01,1955,Y
vanceda01,1955,Y
hartnga01,1955,Y
greenha01,1955,N
cronijo01,1955,N
careyma01,1955,N
schalra01,1955,N
roushed01,1955,N
gowdyha01,1955,N
wilsoha01,1955,N
gomezle01,1955,N
lazzeto01,1955,N
ruffire01,1955,N
wheatza01,1955,N
youngro01,1955,N
cuyleki01,1955,N
marquru01,1955,N
lewisdu01,1955,N
hoytwa01,1955,N
ricesa01,1955,N
faberre01,1955,N
bottoji01,1955,N
kerrdi01,1955,N
kleinch01,1955,N
adamsba01,1955,N
bancrda01,1955,N
wilsoji01,1955,N
coopewi01,1955,N
ruelmu01,1955,N
haineje01,1955,N
rixeyep01,1955,N
scottev01,1955,N
gosligo01,1955,N
nehfar01,1955,N
milancl01,1955,N
grohhe01,1955,N
hermaba01,1955,N
jackstr01,1955,N
wambsbi01,1955,N
hafeych01,1955,N
vaughar01,1955,N
wrighgl01,1955,N
applilu01,1955,N
grimebu01,1955,N
willicy01,1955,N
averiea01,1955,N
earnsge01,1955,N
judgejo01,1955,N
meusebo01,1955,N
allenjo02,1955,N
berrych02,1955,N
bishoma01,1955,N
combsea01,1955,N
daubeja01,1955,N
derripa01,1955,N
dykesji01,1955,N
gordojo01,1955,N
haasmu01,1955,N
jonessa01,1955,N
peckiro01,1955,N
schumha02,1955,N
seweljo01,1955,N
sherdbi01,1955,N
bakerfr01,1955,Y
schalra01,1955,Y
greenha01,1956,Y
cronijo01,1956,Y
ruffire01,1956,N
roushed01,1956,N
gomezle01,1956,N
wilsoha01,1956,N
careyma01,1956,N
lazzeto01,1956,N
cuyleki01,1956,N
gowdyha01,1956,N
ricesa01,1956,N
kleinch01,1956,N
bottoji01,1956,N
hoytwa01,1956,N
faberre01,1956,N
medwijo01,1956,N
rixeyep01,1956,N
gosligo01,1956,N
wheatza01,1956,N
grimebu01,1956,N
youngro01,1956,N
wanerll01,1956,N
wilsoji01,1956,N
hafeych01,1956,N
ruelmu01,1956,N
bancrda01,1956,N
applilu01,1956,N
combsea01,1956,N
haineje01,1956,N
jackstr01,1956,N
manushe01,1956,N
derripa01,1956,N
hermaba01,1956,N
willicy01,1956,N
vaughar01,1956,N
ehmkeho01,1956,N
lombaer01,1956,N
ferrewe01,1956,N
martipe01,1956,N
doerrbo01,1956,N
odoulle01,1956,N
waltebu01,1956,N
cramedo01,1956,N
gordojo01,1956,N
averiea01,1956,N
bridgto01,1956,N
earnsge01,1956,N
fitzsfr01,1956,N
lindsfr01,1956,N
mccorfr01,1956,N
rolfere01,1956,N
seweljo01,1956,N
vandejo01,1956,N
wrighgl01,1956,N
bluegos01,1956,N
boudrlo01,1956,N
bushgu01,1956,N
coopemo01,1956,N
critzhu01,1956,N
fonsele01,1956,N
henrito01,1956,N
hermabi01,1956,N
judgejo01,1956,N
kellech01,1956,N
kellyge01,1956,N
schumha02,1956,N
stephri01,1956,N
tobinji01,1956,N
altroni01,1956,N
bergewa01,1956,N
bishoma01,1956,N
camildo01,1956,N
chandsp01,1956,N
crosefr01,1956,N
cuccito01,1956,N
dinnebi01,1956,N
duganjo01,1956,N
durocle01,1956,N
dykesji01,1956,N
ferreri01,1956,N
haasmu01,1956,N
hackst01,1956,N
hallabi01,1956,N
johnsbo01,1956,N
jonessa01,1956,N
kuheljo01,1956,N
lopezal01,1956,N
luquedo01,1956,N
marioma01,1956,N
meusebo01,1956,N
mostijo01,1956,N
quinnja01,1956,N
reynoal01,1956,N
rizzuph01,1956,N
schacal01,1956,N
schanwa01,1956,N
scottev01,1956,N
sherdbi01,1956,N
smithea02,1956,N
suhrgu01,1956,N
turneji01,1956,N
uhlege01,1956,N
wambsbi01,1956,N
whitebu01,1956,N
whiteea01,1956,N
willike01,1956,N
crawfsa01,1957,Y
mccarjo99,1957,Y
careyma01,1958,N
roushed01,1958,N
ruffire01,1958,N
wilsoha01,1958,N
cuyleki01,1958,N
ricesa01,1958,N
lazzeto01,1958,N
applilu01,1958,N
gomezle01,1958,N
grimebu01,1958,N
faberre01,1958,N
boudrlo01,1958,N
bottoji01,1958,N
medwijo01,1958,N
martipe01,1958,N
gowdyha01,1958,N
harribu01,1958,N
bancrda01,1958,N
wanerll01,1958,N
hoytwa01,1958,N
kleinch01,1958,N
vandejo01,1958,N
combsea01,1958,N
covelst01,1958,N
lopezal01,1958,N
waltebu01,1958,N
rixeyep01,1958,N
durocle01,1958,N
odoulle01,1958,N
dykesji01,1958,N
gosligo01,1958,N
grimmch01,1958,N
doerrbo01,1958,N
haineje01,1958,N
manushe01,1958,N
altroni01,1958,N
southbi01,1958,N
fitzsfr01,1958,N
derripa01,1958,N
luquedo01,1958,N
averiea01,1958,N
hermaba01,1958,N
nehfar01,1958,N
rolfere01,1958,N
hafeych01,1958,N
moorete01,1958,N
rowesc01,1958,N
bridgto01,1958,N
gordojo01,1958,N
henrito01,1958,N
jackstr01,1958,N
oneilst01,1958,N
ruelmu01,1958,N
ferrewe01,1958,N
judgejo01,1958,N
kellech01,1958,N
quinnja01,1958,N
schanwa01,1958,N
tebbebi01,1958,N
wrighgl01,1958,N
ehmkeho01,1958,N
hermabi01,1958,N
rommeed01,1958,N
hackst01,1958,N
hardeme01,1958,N
higgipi01,1958,N
maysca01,1958,N
reisepe01,1958,N
rootch01,1958,N
vaughar01,1958,N
willicy01,1958,N
bushjo01,1958,N
crosefr01,1958,N
duganjo01,1958,N
groveor01,1958,N
jonesfi01,1958,N
lindsfr01,1958,N
marbefi01,1958,N
meusebo01,1958,N
bergmo01,1958,N
bishoma01,1958,N
camildo01,1958,N
lavagco01,1958,N
lombaer01,1958,N
shockur01,1958,N
uhlege01,1958,N
berrych02,1958,N
coopemo01,1958,N
cuccito01,1958,N
doakbi01,1958,N
fonsele01,1958,N
gonzami01,1958,N
gustifr01,1958,N
kammwi01,1958,N
ofarrbo01,1958,N
sewellu01,1958,N
werbebi01,1958,N
wilsoji01,1958,N
bergewa01,1958,N
bluegos01,1958,N
cramedo01,1958,N
holmeto01,1958,N
kellyge01,1958,N
kremera01,1958,N
leachfr01,1958,N
mccarjo99,1958,N
mcmanma01,1958,N
meadole01,1958,N
mungova01,1958,N
perkicy01,1958,N
sherdbi01,1958,N
warnelo01,1958,N
whiteea01,1958,N
adamssp01,1958,N
austiji01,1958,N
bartedi01,1958,N
bentola01,1958,N
bladera01,1958,N
casege01,1958,N
chapmsa01,1958,N
crowdal01,1958,N
danniha01,1958,N
daviscu01,1958,N
ellioju01,1958,N
ferreri01,1958,N
grantge01,1958,N
haasmu01,1958,N
hallabi01,1958,N
hargrbu01,1958,N
jurgebi01,1958,N
keltnke01,1958,N
kressre01,1958,N
lucasre01,1958,N
mancugu01,1958,N
millebi02,1958,N
moseswa01,1958,N
mostijo01,1958,N
olearch01,1958,N
pearsmo01,1958,N
pippwa01,1958,N
schumha02,1958,N
scottja01,1958,N
seweljo01,1958,N
sewelri01,1958,N
spahnwa01,1958,N
stephri01,1958,N
suhrgu01,1958,N
sukefcl01,1958,N
walberu01,1958,N
walkeha01,1958,N
willike01,1958,N
wyattwh01,1958,N
youngpe01,1958,N
zachato01,1958,N
wheatza01,1959,Y
roushed01,1960,N
ricesa01,1960,N
rixeyep01,1960,N
grimebu01,1960,N
bottoji01,1960,N
ruffire01,1960,N
faberre01,1960,N
applilu01,1960,N
cuyleki01,1960,N
wilsoha01,1960,N
lazzeto01,1960,N
gomezle01,1960,N
mizejo01,1960,N
odoulle01,1960,N
combsea01,1960,N
gowdyha01,1960,N
medwijo01,1960,N
kleinch01,1960,N
marioma01,1960,N
boudrlo01,1960,N
harribu01,1960,N
vandejo01,1960,N
bancrda01,1960,N
gosligo01,1960,N
hafeych01,1960,N
hoytwa01,1960,N
martipe01,1960,N
dykesji01,1960,N
lopezal01,1960,N
reynoal01,1960,N
seweljo01,1960,N
wanerll01,1960,N
haineje01,1960,N
manushe01,1960,N
waltebu01,1960,N
altroni01,1960,N
wrighgl01,1960,N
doerrbo01,1960,N
judgejo01,1960,N
fitzsfr01,1960,N
grimmch01,1960,N
ehmkeho01,1960,N
hardeme01,1960,N
rommeed01,1960,N
averiea01,1960,N
gordojo01,1960,N
jackstr01,1960,N
schanwa01,1960,N
schumha02,1960,N
willicy01,1960,N
durocle01,1960,N
henrito01,1960,N
meusebo01,1960,N
rolfere01,1960,N
vaughar01,1960,N
ruelmu01,1960,N
crosefr01,1960,N
derripa01,1960,N
duganjo01,1960,N
ferrewe01,1960,N
reisepe01,1960,N
brechha01,1960,N
groveor01,1960,N
hermaba01,1960,N
kellech01,1960,N
moorete01,1960,N
grovele01,1960,N
hackst01,1960,N
lindsfr01,1960,N
lombaer01,1960,N
millebi02,1960,N
newsobo01,1960,N
wilsoji01,1960,N
bergmo01,1960,N
bishoma01,1960,N
kellyge01,1960,N
bridgto01,1960,N
dimagdo01,1960,N
luquedo01,1960,N
stephri01,1960,N
uhlege01,1960,N
warnelo01,1960,N
whiteha01,1960,N
bluegos01,1960,N
camildo01,1960,N
fonsele01,1960,N
higgipi01,1960,N
kinerra01,1960,N
kressre01,1960,N
ofarrbo01,1960,N
rowesc01,1960,N
sewellu01,1960,N
stanked01,1960,N
whiteea01,1960,N
edwarha01,1960,N
elliobo01,1960,N
gonzami01,1960,N
hallabi01,1960,N
holmeto01,1960,N
lavagco01,1960,N
leonadu02,1960,N
marbefi01,1960,N
mcmanma01,1960,N
mungova01,1960,N
quinnja01,1960,N
rootch01,1960,N
sherdbi01,1960,N
adamssp01,1960,N
bartedi01,1960,N
bladera01,1960,N
casege01,1960,N
coopemo01,1960,N
cramedo01,1960,N
crowdal01,1960,N
danniha01,1960,N
ferreri01,1960,N
grohhe01,1960,N
haasmu01,1960,N
hargrbu01,1960,N
jossad01,1960,N
kammwi01,1960,N
keltnke01,1960,N
leachfr01,1960,N
loberha01,1960,N
moseswa01,1960,N
nichobi01,1960,N
olearch01,1960,N
peskyjo01,1960,N
roepr01,1960,N
sistisi01,1960,N
suhrgu01,1960,N
tebbebi01,1960,N
walberu01,1960,N
zachato01,1960,N
careyma01,1961,Y
hamilbi01,1961,Y
fellebo01,1962,Y
robinja02,1962,Y
ricesa01,1962,N
ruffire01,1962,N
rixeyep01,1962,N
applilu01,1962,N
rizzuph01,1962,N
grimebu01,1962,N
wilsoha01,1962,N
medwijo01,1962,N
cuyleki01,1962,N
faberre01,1962,N
bottoji01,1962,N
gomezle01,1962,N
hoytwa01,1962,N
kleinch01,1962,N
marioma01,1962,N
manushe01,1962,N
reynoal01,1962,N
gosligo01,1962,N
mizejo01,1962,N
odoulle01,1962,N
boudrlo01,1962,N
lopezal01,1962,N
doerrbo01,1962,N
lazzeto01,1962,N
hafeych01,1962,N
hardeme01,1962,N
lindsfr01,1962,N
combsea01,1962,N
dykesji01,1962,N
martipe01,1962,N
vaughar01,1962,N
whiteea01,1962,N
kinerra01,1962,N
lombaer01,1962,N
vandejo01,1962,N
waltebu01,1962,N
wanerll01,1962,N
gordojo01,1962,N
hermabi01,1962,N
newhoha01,1962,N
wilsoji01,1962,N
averiea01,1962,N
haineje01,1962,N
henrito01,1962,N
newsobo01,1962,N
cavarph01,1962,N
chandsp01,1962,N
dimagdo01,1962,N
grimmch01,1962,N
jonesfi01,1962,N
marbefi01,1962,N
warnelo01,1962,N
bridgto01,1962,N
casege01,1962,N
coxbi02,1962,N
cramedo01,1962,N
durocle01,1962,N
elliobo01,1962,N
ferrewe01,1962,N
fitzsfr01,1962,N
hutchfr01,1962,N
jackstr01,1962,N
kellech01,1962,N
kellyge01,1962,N
mccorfr01,1962,N
moorete01,1962,N
raschvi01,1962,N
roepr01,1962,N
rolfere01,1962,N
sainjo01,1962,N
schumha02,1962,N
sewellu01,1962,N
sewelri01,1962,N
stephri01,1962,N
walkedi02,1962,N
wrighgl01,1962,N
yorkru01,1962,N
mckecbi01,1962,Y
roushed01,1962,Y
clarkjo01,1963,Y
flickel01,1963,Y
ricesa01,1963,Y
rixeyep01,1963,Y
applilu01,1964,Y
ruffire01,1964,N
applilu01,1964,N
ruffire01,1964,N
camparo01,1964,N
medwijo01,1964,N
camparo01,1964,N
medwijo01,1964,N
reesepe01,1964,N
boudrlo01,1964,N
lopezal01,1964,N
kleinch01,1964,N
mizejo01,1964,N
hardeme01,1964,N
vandejo01,1964,N
marioma01,1964,N
wanerll01,1964,N
reesepe01,1964,N
rizzuph01,1964,N
boudrlo01,1964,N
reynoal01,1964,N
waltebu01,1964,N
lopezal01,1964,N
kellge01,1964,N
lombaer01,1964,N
kinerra01,1964,N
gordojo01,1964,N
hermabi01,1964,N
newhoha01,1964,N
doerrbo01,1964,N
lemonbo01,1964,N
cavarph01,1964,N
vandejo01,1964,N
martipe01,1964,N
kleinch01,1964,N
newsobo01,1964,N
vaughar01,1964,N
marioma01,1964,N
bridgto01,1964,N
durocle01,1964,N
moorete01,1964,N
hardeme01,1964,N
henrito01,1964,N
maglisa01,1964,N
warnelo01,1964,N
cramedo01,1964,N
dimagdo01,1964,N
kellech01,1964,N
mizejo01,1964,N
wanerll01,1964,N
rizzuph01,1964,N
hutchfr01,1964,N
schumha02,1964,N
yorkru01,1964,N
hermabi01,1964,N
lombaer01,1964,N
raschvi01,1964,N
kellge01,1964,N
waltebu01,1964,N
chandsp01,1964,N
mccorfr01,1964,N
walkedi02,1964,N
reynoal01,1964,N
vaughar01,1964,N
doerrbo01,1964,N
martipe01,1964,N
elliobo01,1964,N
truckvi01,1964,N
kindeel01,1964,N
sainjo01,1964,N
kinerra01,1964,N
lemonbo01,1964,N
newhoha01,1964,N
casege01,1964,N
houttar01,1964,N
westrwe01,1964,N
durocle01,1964,N
gromest01,1964,N
kuzavbo01,1964,N
miksied01,1964,N
northro01,1964,N
sewelri01,1964,N
smallro01,1964,N
troutdi01,1964,N
bridgto01,1964,N
cavarph01,1964,N
gordojo01,1964,N
newsobo01,1964,N
faberre01,1964,Y
grimebu01,1964,Y
huggimi01,1964,Y
keefeti01,1964,Y
manushe01,1964,Y
wardjo01,1964,Y
galvipu01,1965,Y
willite01,1966,Y
ruffire01,1966,N
camparo01,1966,N
medwijo01,1966,N
boudrlo01,1966,N
lopezal01,1966,N
slaugen01,1966,N
reesepe01,1966,N
marioma01,1966,N
mizejo01,1966,N
kinerra01,1966,N
vandejo01,1966,N
reynoal01,1966,N
waltebu01,1966,N
rizzuph01,1966,N
vaughar01,1966,N
hardeme01,1966,N
lombaer01,1966,N
newhoha01,1966,N
gordojo01,1966,N
doerrbo01,1966,N
kellge01,1966,N
hermabi01,1966,N
newsobo01,1966,N
lemonbo01,1966,N
vernomi01,1966,N
darkal01,1966,N
bridgto01,1966,N
thomsbo01,1966,N
cavarph01,1966,N
dobyla01,1966,N
newcodo01,1966,N
erskica01,1966,N
heganji01,1966,N
mcdougi01,1966,N
hattogr01,1966,N
lockmwh01,1966,N
sauerha01,1966,N
ennisde01,1966,N
furilca01,1966,N
grissma01,1966,N
martimo01,1966,N
pafkoan01,1966,N
ricede01,1966,N
adamsbo03,1966,N
carrach01,1966,N
hearnji01,1966,N
hemusso01,1966,N
portebo01,1966,N
stengca01,1966,Y
ruffire01,1967,Y
medwijo01,1967,N
medwijo01,1967,N
ruffire01,1967,N
camparo01,1967,N
camparo01,1967,N
boudrlo01,1967,N
kinerra01,1967,N
slaugen01,1967,N
lopezal01,1967,N
marioma01,1967,N
mizejo01,1967,N
reesepe01,1967,N
vandejo01,1967,N
reynoal01,1967,N
rizzuph01,1967,N
boudrlo01,1967,N
gordojo01,1967,N
waltebu01,1967,N
newhoha01,1967,N
hermabi01,1967,N
hardeme01,1967,N
lopezal01,1967,N
slaugen01,1967,N
vaughar01,1967,N
lombaer01,1967,N
kinerra01,1967,N
kellge01,1967,N
darkal01,1967,N
doerrbo01,1967,N
lemonbo01,1967,N
vandejo01,1967,N
lombaer01,1967,N
waltebu01,1967,N
bauerha01,1967,N
marioma01,1967,N
newsobo01,1967,N
reynoal01,1967,N
vaughar01,1967,N
newcodo01,1967,N
reesepe01,1967,N
cavarph01,1967,N
doerrbo01,1967,N
vernomi01,1967,N
hardeme01,1967,N
hermabi01,1967,N
mizejo01,1967,N
rizzuph01,1967,N
gordojo01,1967,N
newhoha01,1967,N
kellge01,1967,N
dobyla01,1967,N
thomsbo01,1967,N
kluszte01,1967,N
bauerha01,1967,N
darkal01,1967,N
lemonbo01,1967,N
newsobo01,1967,N
mcdougi01,1967,N
cavarph01,1967,N
jenseja01,1967,N
moorete01,1967,N
ennisde01,1967,N
furilca01,1967,N
heganji01,1967,N
torgeea01,1967,N
valoel01,1967,N
newcodo01,1967,N
vernomi01,1967,N
courtcl01,1967,N
dropowa01,1967,N
garvene01,1967,N
hattogr01,1967,N
hearnji01,1967,N
martibi02,1967,N
pafkoan01,1967,N
dobyla01,1967,N
thomsbo01,1967,N
rickebr01,1967,Y
wanerll01,1967,Y
medwijo01,1968,Y
camparo01,1968,N
boudrlo01,1968,N
slaugen01,1968,N
kinerra01,1968,N
mizejo01,1968,N
reynoal01,1968,N
marioma01,1968,N
vaughar01,1968,N
reesepe01,1968,N
vandejo01,1968,N
gordojo01,1968,N
rizzuph01,1968,N
newhoha01,1968,N
waltebu01,1968,N
doerrbo01,1968,N
kellge01,1968,N
lemonbo01,1968,N
darkal01,1968,N
moorete01,1968,N
cavarph01,1968,N
henrito01,1968,N
newsobo01,1968,N
vernomi01,1968,N
crosefr01,1968,N
kluszte01,1968,N
thomsbo01,1968,N
kellech01,1968,N
maglisa01,1968,N
erskica01,1968,N
newcodo01,1968,N
coopewa01,1968,N
dimagdo01,1968,N
sainjo01,1968,N
ashburi01,1968,N
rowesc01,1968,N
walkedi02,1968,N
blackew01,1968,N
leonadu02,1968,N
mcdougi01,1968,N
moseswa01,1968,N
brechha01,1968,N
jenseja01,1968,N
mccorfr01,1968,N
galanau01,1968,N
lopated01,1968,N
roepr01,1968,N
raschvi01,1968,N
cuyleki01,1968,Y
gosligo01,1968,Y
musiast01,1969,Y
camparo01,1969,Y
boudrlo01,1969,N
kinerra01,1969,N
slaugen01,1969,N
mizejo01,1969,N
marioma01,1969,N
reynoal01,1969,N
gordojo01,1969,N
vandejo01,1969,N
wynnea01,1969,N
reesepe01,1969,N
hodgegi01,1969,N
newhoha01,1969,N
rizzuph01,1969,N
schoere01,1969,N
doerrbo01,1969,N
kellge01,1969,N
lemonbo01,1969,N
henrito01,1969,N
darkal01,1969,N
cavarph01,1969,N
newsobo01,1969,N
vernomi01,1969,N
waltebu01,1969,N
rowesc01,1969,N
kellech01,1969,N
dimagdo01,1969,N
blackew01,1969,N
kluszte01,1969,N
ashburi01,1969,N
walkedi02,1969,N
sainjo01,1969,N
minosmi01,1969,N
thomsbo01,1969,N
coopewa01,1969,N
erskica01,1969,N
leonadu02,1969,N
moseswa01,1969,N
coopemo01,1969,N
mcdougi01,1969,N
newcodo01,1969,N
raschvi01,1969,N
brechha01,1969,N
lopated01,1969,N
jenseja01,1969,N
covelst01,1969,Y
hoytwa01,1969,Y
boudrlo01,1970,Y
kinerra01,1970,N
hodgegi01,1970,N
wynnea01,1970,N
slaugen01,1970,N
mizejo01,1970,N
marioma01,1970,N
reesepe01,1970,N
schoere01,1970,N
kellge01,1970,N
reynoal01,1970,N
vandejo01,1970,N
newhoha01,1970,N
gordojo01,1970,N
rizzuph01,1970,N
doerrbo01,1970,N
lemonbo01,1970,N
henrito01,1970,N
darkal01,1970,N
cavarph01,1970,N
snidedu01,1970,N
waltebu01,1970,N
dimagdo01,1970,N
blackew01,1970,N
newsobo01,1970,N
ashburi01,1970,N
vernomi01,1970,N
coopewa01,1970,N
sainjo01,1970,N
kluszte01,1970,N
kellech01,1970,N
shantbo01,1970,N
leonadu02,1970,N
moseswa01,1970,N
newcodo01,1970,N
piercbi02,1970,N
thomsbo01,1970,N
brechha01,1970,N
galanau01,1970,N
erskica01,1970,N
furilca01,1970,N
wertzvi01,1970,N
jenseja01,1970,N
lopated01,1970,N
mcdougi01,1970,N
roepr01,1970,N
combsea01,1970,Y
frickfo99,1970,Y
haineje01,1970,Y
berrayo01,1971,N
wynnea01,1971,N
kinerra01,1971,N
hodgegi01,1971,N
slaugen01,1971,N
mizejo01,1971,N
reesepe01,1971,N
marioma01,1971,N
schoere01,1971,N
reynoal01,1971,N
kellge01,1971,N
vandejo01,1971,N
newhoha01,1971,N
rizzuph01,1971,N
lemonbo01,1971,N
snidedu01,1971,N
cavarph01,1971,N
doerrbo01,1971,N
darkal01,1971,N
foxne01,1971,N
newsobo01,1971,N
dimagdo01,1971,N
kellech01,1971,N
vernomi01,1971,N
sainjo01,1971,N
ashburi01,1971,N
haddiha01,1971,N
kluszte01,1971,N
newcodo01,1971,N
brechha01,1971,N
coopewa01,1971,N
moseswa01,1971,N
piercbi02,1971,N
furilca01,1971,N
shantbo01,1971,N
lopated01,1971,N
mcdougi01,1971,N
sievero01,1971,N
thomsbo01,1971,N
erskica01,1971,N
leonadu02,1971,N
roepr01,1971,N
jenseja01,1971,N
moonwa01,1971,N
powervi01,1971,N
raschvi01,1971,N
wertzvi01,1971,N
brutobi01,1971,N
bancrda01,1971,Y
becklja01,1971,Y
hafeych01,1971,Y
hoopeha01,1971,Y
kellejo01,1971,Y
marquru01,1971,Y
paigesa01,1971,Y
weissge99,1971,Y
koufasa01,1972,Y
berrayo01,1972,Y
wynnea01,1972,Y
kinerra01,1972,N
hodgegi01,1972,N
mizejo01,1972,N
slaugen01,1972,N
reesepe01,1972,N
marioma01,1972,N
lemonbo01,1972,N
kellge01,1972,N
reynoal01,1972,N
schoere01,1972,N
rizzuph01,1972,N
newhoha01,1972,N
snidedu01,1972,N
foxne01,1972,N
cavarph01,1972,N
darkal01,1972,N
dimagdo01,1972,N
newsobo01,1972,N
kellech01,1972,N
sainjo01,1972,N
vernomi01,1972,N
ashburi01,1972,N
kluszte01,1972,N
thomsbo01,1972,N
haddiha01,1972,N
mcmilro01,1972,N
shantbo01,1972,N
coopewa01,1972,N
richabo01,1972,N
newcodo01,1972,N
brechha01,1972,N
leonadu02,1972,N
erskica01,1972,N
mcdougi01,1972,N
piercbi02,1972,N
raschvi01,1972,N
wertzvi01,1972,N
powervi01,1972,N
sievero01,1972,N
furilca01,1972,N
lopated01,1972,N
roepr01,1972,N
jenseja01,1972,N
gibsojo99,1972,Y
gomezle01,1972,Y
harriwi99,1972,Y
leonabu99,1972,Y
youngro01,1972,Y
spahnwa01,1973,Y
fordwh01,1973,N
kinerra01,1973,N
hodgegi01,1973,N
roberro01,1973,N
lemonbo01,1973,N
mizejo01,1973,N
slaugen01,1973,N
marioma01,1973,N
reesepe01,1973,N
kellge01,1973,N
rizzuph01,1973,N
snidedu01,1973,N
schoere01,1973,N
reynoal01,1973,N
newhoha01,1973,N
cavarph01,1973,N
foxne01,1973,N
darkal01,1973,N
sainjo01,1973,N
dimagdo01,1973,N
newsobo01,1973,N
ashburi01,1973,N
vernomi01,1973,N
kluszte01,1973,N
burdele01,1973,N
newcodo01,1973,N
lawve01,1973,N
coopewa01,1973,N
groatdi01,1973,N
raschvi01,1973,N
leonadu02,1973,N
mcmilro01,1973,N
shantbo01,1973,N
simmocu01,1973,N
erskica01,1973,N
piercbi02,1973,N
brechha01,1973,N
thomsbo01,1973,N
mcdougi01,1973,N
richabo01,1973,N
wertzvi01,1973,N
burgesm01,1973,N
haddiha01,1973,N
clemero01,1973,Y
evansbi99,1973,Y
irvinmo01,1973,Y
kellyge01,1973,Y
welchmi01,1973,Y
mantlmi01,1974,Y
fordwh01,1974,Y
roberro01,1974,N
kinerra01,1974,N
hodgegi01,1974,N
lemonbo01,1974,N
slaugen01,1974,N
reesepe01,1974,N
matheed01,1974,N
rizzuph01,1974,N
snidedu01,1974,N
schoere01,1974,N
reynoal01,1974,N
kellge01,1974,N
foxne01,1974,N
marisro01,1974,N
newhoha01,1974,N
cavarph01,1974,N
ashburi01,1974,N
darkal01,1974,N
sainjo01,1974,N
larsedo01,1974,N
kluszte01,1974,N
vernomi01,1974,N
howarel01,1974,N
erskica01,1974,N
coopewa01,1974,N
haddiha01,1974,N
burdele01,1974,N
newcodo01,1974,N
thomsbo01,1974,N
lawve01,1974,N
richabo01,1974,N
groatdi01,1974,N
mcmilro01,1974,N
piercbi02,1974,N
mcdougi01,1974,N
raschvi01,1974,N
shantbo01,1974,N
simmocu01,1974,N
virdobi01,1974,N
burgesm01,1974,N
colavro01,1974,N
wertzvi01,1974,N
bellco99,1974,Y
bottoji01,1974,Y
conlajo01,1974,Y
thompsa01,1974,Y
kinerra01,1975,Y
roberro01,1975,N
lemonbo01,1975,N
hodgegi01,1975,N
slaugen01,1975,N
newhoha01,1975,N
reesepe01,1975,N
matheed01,1975,N
cavarph01,1975,N
snidedu01,1975,N
sainjo01,1975,N
rizzuph01,1975,N
kellge01,1975,N
schoere01,1975,N
ashburi01,1975,N
drysddo01,1975,N
foxne01,1975,N
marisro01,1975,N
darkal01,1975,N
raschvi01,1975,N
kluszte01,1975,N
howarel01,1975,N
larsedo01,1975,N
vernomi01,1975,N
coopewa01,1975,N
burdele01,1975,N
newcodo01,1975,N
thomsbo01,1975,N
boyerke01,1975,N
haddiha01,1975,N
whitewi01,1975,N
lawve01,1975,N
wertzvi01,1975,N
groatdi01,1975,N
podrejo01,1975,N
colavro01,1975,N
virdobi01,1975,N
averiea01,1975,Y
harribu01,1975,Y
hermabi01,1975,Y
johnsju99,1975,Y
roberro01,1976,Y
lemonbo01,1976,Y
hodgegi01,1976,N
slaugen01,1976,N
matheed01,1976,N
reesepe01,1976,N
foxne01,1976,N
snidedu01,1976,N
rizzuph01,1976,N
kellge01,1976,N
schoere01,1976,N
drysddo01,1976,N
marisro01,1976,N
ashburi01,1976,N
darkal01,1976,N
coopewa01,1976,N
howarel01,1976,N
vernomi01,1976,N
kluszte01,1976,N
larsedo01,1976,N
facero01,1976,N
burdele01,1976,N
newcodo01,1976,N
boyerke01,1976,N
crandde01,1976,N
lawve01,1976,N
thomsbo01,1976,N
haddiha01,1976,N
groatdi01,1976,N
whitewi01,1976,N
wertzvi01,1976,N
podrejo01,1976,N
charlos99,1976,Y
connoro01,1976,Y
hubbaca99,1976,Y
lindsfr01,1976,Y
bankser01,1977,Y
matheed01,1977,N
hodgegi01,1977,N
slaugen01,1977,N
snidedu01,1977,N
drysddo01,1977,N
reesepe01,1977,N
foxne01,1977,N
bunniji01,1977,N
kellge01,1977,N
ashburi01,1977,N
schoere01,1977,N
burdele01,1977,N
marisro01,1977,N
darkal01,1977,N
kuennha01,1977,N
kluszte01,1977,N
vernomi01,1977,N
coopewa01,1977,N
howarel01,1977,N
newcodo01,1977,N
larsedo01,1977,N
facero01,1977,N
floodcu01,1977,N
boyerke01,1977,N
thomsbo01,1977,N
crandde01,1977,N
haddiha01,1977,N
lawve01,1977,N
groatdi01,1977,N
wertzvi01,1977,N
whitewi01,1977,N
pascuca02,1977,N
podrejo01,1977,N
dihigma99,1977,Y
lloydpo99,1977,Y
lopezal01,1977,Y
rusieam01,1977,Y
seweljo01,1977,Y
matheed01,1978,Y
slaugen01,1978,N
snidedu01,1978,N
hodgegi01,1978,N
drysddo01,1978,N
bunniji01,1978,N
reesepe01,1978,N
ashburi01,1978,N
wilheho01,1978,N
foxne01,1978,N
schoere01,1978,N
willsma01,1978,N
marisro01,1978,N
burdele01,1978,N
vernomi01,1978,N
darkal01,1978,N
kuennha01,1978,N
kluszte01,1978,N
newcodo01,1978,N
howarel01,1978,N
larsedo01,1978,N
facero01,1978,N
mazerbi01,1978,N
boyerke01,1978,N
floodcu01,1978,N
haddiha01,1978,N
crandde01,1978,N
lawve01,1978,N
thomsbo01,1978,N
wertzvi01,1978,N
groatdi01,1978,N
malonji01,1978,N
boyercl02,1978,N
mclaide01,1978,N
pascuca02,1978,N
grantmu01,1978,N
ramospe01,1978,N
jossad01,1978,Y
macphla99,1978,Y
mayswi01,1979,Y
snidedu01,1979,N
slaugen01,1979,N
hodgegi01,1979,N
drysddo01,1979,N
foxne01,1979,N
wilheho01,1979,N
willsma01,1979,N
schoere01,1979,N
bunniji01,1979,N
ashburi01,1979,N
marisro01,1979,N
aparilu01,1979,N
vernomi01,1979,N
darkal01,1979,N
kuennha01,1979,N
kluszte01,1979,N
burdele01,1979,N
larsedo01,1979,N
newcodo01,1979,N
mazerbi01,1979,N
facero01,1979,N
howarel01,1979,N
boyerke01,1979,N
floodcu01,1979,N
thomsbo01,1979,N
crandde01,1979,N
lawve01,1979,N
haddiha01,1979,N
howarfr01,1979,N
perraro01,1979,N
pappami01,1979,N
boyercl02,1979,N
mclaide01,1979,N
malonji01,1979,N
callijo01,1979,N
lanieha01,1979,N
shortch02,1979,N
ageeto01,1979,N
allenbe01,1979,N
alleyge01,1979,N
beaucji01,1979,N
bolinbo01,1979,N
culpra01,1979,N
fisheed02,1979,N
gladdfr01,1979,N
mayje01,1979,N
paganjo01,1979,N
pepitjo01,1979,N
reeseri01,1979,N
stahlla01,1979,N
stephjo03,1979,N
stewaji01,1979,N
torboje01,1979,N
gileswa99,1979,Y
wilsoha01,1979,Y
kalinal01,1980,Y
snidedu01,1980,Y
drysddo01,1980,N
hodgegi01,1980,N
wilheho01,1980,N
bunniji01,1980,N
schoere01,1980,N
foxne01,1980,N
willsma01,1980,N
ashburi01,1980,N
aparilu01,1980,N
marisro01,1980,N
vernomi01,1980,N
kuennha01,1980,N
burdele01,1980,N
newcodo01,1980,N
kluszte01,1980,N
cepedor01,1980,N
darkal01,1980,N
mazerbi01,1980,N
larsedo01,1980,N
howarel01,1980,N
facero01,1980,N
santoro01,1980,N
cashno01,1980,N
alouma01,1980,N
aloufe01,1980,N
stottme01,1980,N
blassst01,1980,N
hickmji02,1980,N
jacksso01,1980,N
mcmahdo02,1980,N
akerja01,1980,N
barbest01,1980,N
bartobo01,1980,N
boccajo01,1980,N
brownla01,1980,N
cannich01,1980,N
casanpa01,1980,N
clarkho01,1980,N
edwarjo01,1980,N
gagliph01,1980,N
gosgeji01,1980,N
huntro01,1980,N
kennejo03,1980,N
koscoan01,1980,N
krausle02,1980,N
linzyfr01,1980,N
menkede01,1980,N
millebo04,1980,N
milleno01,1980,N
murreiv01,1980,N
pizarju01,1980,N
rayji01,1980,N
reichri01,1980,N
richepe01,1980,N
ryanmi02,1980,N
schaapa01,1980,N
selmadi01,1980,N
simsdu01,1980,N
vealebo01,1980,N
kleinch01,1980,Y
yawketo99,1980,Y
gibsobo01,1981,Y
drysddo01,1981,N
hodgegi01,1981,N
killeha01,1981,N
wilheho01,1981,N
maricju01,1981,N
foxne01,1981,N
schoere01,1981,N
bunniji01,1981,N
willsma01,1981,N
ashburi01,1981,N
marisro01,1981,N
kuennha01,1981,N
howarel01,1981,N
cepedor01,1981,N
munsoth01,1981,N
kluszte01,1981,N
aparilu01,1981,N
burdele01,1981,N
mazerbi01,1981,N
larsedo01,1981,N
facero01,1981,N
pinsova01,1981,N
perryji01,1981,N
mcnalda01,1981,N
osteecl01,1981,N
beckegl01,1981,N
brownga01,1981,N
cardele01,1981,N
mcdanli01,1981,N
northji01,1981,N
siebeso01,1981,N
berryke01,1981,N
briggjo02,1981,N
handsbi01,1981,N
lockebo01,1981,N
maxvida01,1981,N
mcauldi01,1981,N
mcdowsa01,1981,N
fosteru99,1981,Y
mizejo01,1981,Y
aaronha01,1982,Y
robinfr02,1982,Y
maricju01,1982,N
killeha01,1982,N
wilheho01,1982,N
drysddo01,1982,N
hodgegi01,1982,N
aparilu01,1982,N
bunniji01,1982,N
schoere01,1982,N
foxne01,1982,N
ashburi01,1982,N
willibi01,1982,N
willsma01,1982,N
marisro01,1982,N
olivato01,1982,N
kuennha01,1982,N
burdele01,1982,N
cepedor01,1982,N
howarel01,1982,N
larsedo01,1982,N
mazerbi01,1982,N
munsoth01,1982,N
facero01,1982,N
pinsova01,1982,N
davisto02,1982,N
mcnalda01,1982,N
mcdanli01,1982,N
petrori01,1982,N
breweji01,1982,N
freehbi01,1982,N
cardele01,1982,N
osteecl01,1982,N
brownga01,1982,N
harpeto01,1982,N
johnsal01,1982,N
johnsde01,1982,N
jonescl01,1982,N
northji01,1982,N
siebeso01,1982,N
tayloto02,1982,N
tovarce01,1982,N
chandha99,1982,Y
jackstr01,1982,Y
robinbr01,1983,Y
maricju01,1983,Y
killeha01,1983,N
aparilu01,1983,N
wilheho01,1983,N
drysddo01,1983,N
hodgegi01,1983,N
foxne01,1983,N
willibi01,1983,N
schoere01,1983,N
bunniji01,1983,N
kuennha01,1983,N
willsma01,1983,N
olivato01,1983,N
marisro01,1983,N
cepedor01,1983,N
mazerbi01,1983,N
burdele01,1983,N
facero01,1983,N
howarel01,1983,N
larsedo01,1983,N
torrejo01,1983,N
munsoth01,1983,N
allendi01,1983,N
pinsova01,1983,N
perryji01,1983,N
powelbo01,1983,N
sadecra01,1983,N
giustda01,1983,N
helmsto01,1983,N
millafe01,1983,N
cuellmi01,1983,N
dierkla01,1983,N
dobsopa01,1983,N
downial01,1983,N
hoernjo01,1983,N
hundlra01,1983,N
mayca01,1983,N
mcmulke01,1983,N
meltobi01,1983,N
nolanga01,1983,N
raderdo02,1983,N
rojasco01,1983,N
seguidi01,1983,N
singebi01,1983,N
wynnji01,1983,N
alstowa01,1983,Y
kellge01,1983,Y
aparilu01,1984,Y
killeha01,1984,Y
drysddo01,1984,Y
wilheho01,1984,N
foxne01,1984,N
willibi01,1984,N
bunniji01,1984,N
cepedor01,1984,N
olivato01,1984,N
marisro01,1984,N
kuennha01,1984,N
willsma01,1984,N
burdele01,1984,N
mazerbi01,1984,N
facero01,1984,N
howarel01,1984,N
torrejo01,1984,N
munsoth01,1984,N
larsedo01,1984,N
woodwi01,1984,N
fregoji01,1984,N
boutoji01,1984,N
johnsda02,1984,N
stanlmi01,1984,N
bailebo01,1984,N
brilene01,1984,N
carrocl02,1984,N
colboji01,1984,N
fairlro01,1984,N
ferreri01,1984,Y
reesepe01,1984,Y
wilheho01,1985,Y
brocklo01,1985,Y
foxne01,1985,N
willibi01,1985,N
bunniji01,1985,N
hunteca01,1985,N
marisro01,1985,N
kuennha01,1985,N
cepedor01,1985,N
olivato01,1985,N
willsma01,1985,N
mazerbi01,1985,N
burdele01,1985,N
lolicmi01,1985,N
boyerke01,1985,N
facero01,1985,N
howarel01,1985,N
santoro01,1985,N
torrejo01,1985,N
larsedo01,1985,N
munsoth01,1985,N
allendi01,1985,N
floodcu01,1985,N
pinsova01,1985,N
woodwi01,1985,N
haddiha01,1985,N
mcnalda01,1985,N
holtzke01,1985,N
fairlro01,1985,N
lonboji01,1985,N
messean01,1985,N
kessido01,1985,N
mclaide01,1985,N
alouje01,1985,N
cartyri01,1985,N
ellisdo01,1985,N
carrocl02,1985,N
kraneed01,1985,N
scottge02,1985,N
tolanbo01,1985,N
whitero01,1985,N
slaugen01,1985,Y
vaughar01,1985,Y
mccovwi01,1986,Y
willibi01,1986,N
hunteca01,1986,N
bunniji01,1986,N
marisro01,1986,N
olivato01,1986,N
cepedor01,1986,N
kuennha01,1986,N
willsma01,1986,N
mazerbi01,1986,N
burdele01,1986,N
boyerke01,1986,N
minosmi01,1986,N
lolicmi01,1986,N
facero01,1986,N
santoro01,1986,N
torrejo01,1986,N
howarel01,1986,N
floodcu01,1986,N
pinsova01,1986,N
allendi01,1986,N
munsoth01,1986,N
larsedo01,1986,N
woodwi01,1986,N
mccarti01,1986,N
mcnalda01,1986,N
hillejo01,1986,N
blairpa01,1986,N
richajr01,1986,N
holtzke01,1986,N
hortowi01,1986,N
lonboji01,1986,N
messean01,1986,N
cashda01,1986,N
sanguma01,1986,N
billija01,1986,N
cardejo02,1986,N
harrebu01,1986,N
scottge02,1986,N
davalvi01,1986,N
knowlda01,1986,N
doerrbo01,1986,Y
lombaer01,1986,Y
willibi01,1987,Y
hunteca01,1987,Y
bunniji01,1987,N
cepedor01,1987,N
marisro01,1987,N
olivato01,1987,N
kuennha01,1987,N
mazerbi01,1987,N
willsma01,1987,N
boyerke01,1987,N
burdele01,1987,N
lolicmi01,1987,N
minosmi01,1987,N
facero01,1987,N
santoro01,1987,N
allendi01,1987,N
floodcu01,1987,N
pinsova01,1987,N
torrejo01,1987,N
howarel01,1987,N
larsedo01,1987,N
munsoth01,1987,N
woodwi01,1987,N
bondsbo01,1987,N
marshmi01,1987,N
bandosa01,1987,N
groteje01,1987,N
stonest01,1987,N
dandrra99,1987,Y
stargwi01,1988,Y
bunniji01,1988,N
olivato01,1988,N
cepedor01,1988,N
marisro01,1988,N
kuennha01,1988,N
mazerbi01,1988,N
tiantlu01,1988,N
willsma01,1988,N
boyerke01,1988,N
lolicmi01,1988,N
santoro01,1988,N
minosmi01,1988,N
facero01,1988,N
pinsova01,1988,N
torrejo01,1988,N
lylesp01,1988,N
howarel01,1988,N
allendi01,1988,N
floodcu01,1988,N
munsoth01,1988,N
larsedo01,1988,N
woodwi01,1988,N
bondsbo01,1988,N
motama01,1988,N
belanma01,1988,N
leebi03,1988,N
mayle01,1988,N
smithre06,1988,N
hraboal01,1988,N
bahnsst01,1988,N
grimsro02,1988,N
hislela01,1988,N
jacksgr01,1988,N
jonesra01,1988,N
maybejo01,1988,N
mcgloly01,1988,N
medicdo01,1988,N
milnejo01,1988,N
montawi01,1988,N
rudijo01,1988,N
spencji01,1988,N
unserde01,1988,N
wiseri01,1988,N
benchjo01,1989,Y
yastrca01,1989,Y
perryga01,1989,N
bunniji01,1989,N
jenkife01,1989,N
cepedor01,1989,N
olivato01,1989,N
mazerbi01,1989,N
kuennha01,1989,N
willsma01,1989,N
kaatji01,1989,N
santoro01,1989,N
boyerke01,1989,N
minosmi01,1989,N
facero01,1989,N
lolicmi01,1989,N
tiantlu01,1989,N
torrejo01,1989,N
allendi01,1989,N
pinsova01,1989,N
munsoth01,1989,N
bondsbo01,1989,N
floodcu01,1989,N
lylesp01,1989,N
campabe01,1989,N
woodwi01,1989,N
motama01,1989,N
murcebo01,1989,N
moneydo01,1989,N
tenacge01,1989,N
barrji01,1989,N
crowlte01,1989,N
fergujo01,1989,N
frymawo01,1989,N
geronce01,1989,N
goltzda01,1989,N
matlajo01,1989,N
mayru01,1989,N
mcbriba01,1989,N
robinbi02,1989,N
ziskri01,1989,N
barlial99,1989,Y
schoere01,1989,Y
palmeji01,1990,Y
morgajo02,1990,Y
perryga01,1990,N
jenkife01,1990,N
bunniji01,1990,N
cepedor01,1990,N
olivato01,1990,N
mazerbi01,1990,N
kuennha01,1990,N
santoro01,1990,N
willsma01,1990,N
kaatji01,1990,N
boyerke01,1990,N
allendi01,1990,N
torrejo01,1990,N
minosmi01,1990,N
facero01,1990,N
tiantlu01,1990,N
pinsova01,1990,N
floodcu01,1990,N
munsoth01,1990,N
bondsbo01,1990,N
lolicmi01,1990,N
lylesp01,1990,N
mcgratu01,1990,N
dentbu01,1990,N
watsobo01,1990,N
mondari01,1990,N
pinielo01,1990,N
rivermi01,1990,N
bibbyji01,1990,N
luzingr01,1990,N
remyje01,1990,N
torremi01,1990,N
caldwmi01,1990,N
howelro02,1990,N
moraljo01,1990,N
otisam01,1990,N
scottto01,1990,N
singlke01,1990,N
splitpa01,1990,N
stearjo01,1990,N
summech01,1990,N
tidrodi01,1990,N
carewro01,1991,Y
perryga01,1991,Y
jenkife01,1991,Y
fingero01,1991,N
bunniji01,1991,N
cepedor01,1991,N
olivato01,1991,N
mazerbi01,1991,N
santoro01,1991,N
kuennha01,1991,N
kaatji01,1991,N
willsma01,1991,N
allendi01,1991,N
boyerke01,1991,N
torrejo01,1991,N
bondsbo01,1991,N
minosmi01,1991,N
lolicmi01,1991,N
tiantlu01,1991,N
pinsova01,1991,N
munsoth01,1991,N
staubru01,1991,N
floodcu01,1991,N
oliveal01,1991,N
lylesp01,1991,N
bowala01,1991,N
koosmje01,1991,N
burroje01,1991,N
hargrmi01,1991,N
hebneri01,1991,N
hootobu01,1991,N
jorgemi01,1991,N
lowenjo01,1991,N
valenel01,1991,N
bailobo01,1991,N
bumbral01,1991,N
dauerri01,1991,N
gamblos01,1991,N
gurala01,1991,N
howear01,1991,N
kisonbr01,1991,N
rogerst01,1991,N
wathajo01,1991,N
zachrpa01,1991,N
zahnge01,1991,N
lazzeto01,1991,Y
veeckbi99,1991,Y
seaveto01,1992,Y
fingero01,1992,Y
cepedor01,1992,N
perezto01,1992,N
mazerbi01,1992,N
olivato01,1992,N
santoro01,1992,N
kaatji01,1992,N
willsma01,1992,N
boyerke01,1992,N
allendi01,1992,N
minosmi01,1992,N
torrejo01,1992,N
tiantlu01,1992,N
lolicmi01,1992,N
floodcu01,1992,N
rosepe01,1992,N
bondsbo01,1992,N
pinsova01,1992,N
munsoth01,1992,N
staubru01,1992,N
fostege01,1992,N
bluevi01,1992,N
grichbo01,1992,N
bakerdu01,1992,N
kingmda01,1992,N
russebi01,1992,N
cedence01,1992,N
yeagest01,1992,N
harrato01,1992,N
leonade01,1992,N
dennyjo01,1992,N
forscke01,1992,N
maddoga01,1992,N
oglivbe01,1992,N
thomago01,1992,N
vuckope01,1992,N
mcgowbi99,1992,Y
newhoha01,1992,Y
jacksre01,1993,Y
niekrph01,1993,N
cepedor01,1993,N
perezto01,1993,N
garvest01,1993,N
olivato01,1993,N
santoro01,1993,N
kaatji01,1993,N
allendi01,1993,N
boyerke01,1993,N
minosmi01,1993,N
torrejo01,1993,N
tiantlu01,1993,N
bondsbo01,1993,N
lolicmi01,1993,N
munsoth01,1993,N
pinsova01,1993,N
bluevi01,1993,N
floodcu01,1993,N
staubru01,1993,N
fostege01,1993,N
madlobi01,1993,N
rosepe01,1993,N
ceyro01,1993,N
decindo01,1993,N
lopesda01,1993,N
thornan01,1993,N
campbbi02,1993,N
burleri01,1993,N
coopece01,1993,N
matthga01,1993,N
mcraeha01,1993,N
porteda02,1993,N
carltst01,1994,Y
cepedor01,1994,N
niekrph01,1994,N
perezto01,1994,N
suttodo01,1994,N
garvest01,1994,N
olivato01,1994,N
santoro01,1994,N
suttebr01,1994,N
kaatji01,1994,N
allendi01,1994,N
boyerke01,1994,N
torrejo01,1994,N
pinsova01,1994,N
minosmi01,1994,N
tiantlu01,1994,N
floodcu01,1994,N
nettlgr01,1994,N
bondsbo01,1994,N
staubru01,1994,N
conceda01,1994,N
munsoth01,1994,N
guidrro01,1994,N
lolicmi01,1994,N
rosepe01,1994,N
simmote01,1994,N
fostege01,1994,N
bluevi01,1994,N
baylodo01,1994,N
niekrjo01,1994,N
cruzjo01,1994,N
garneph01,1994,N
parrila01,1994,N
knighra01,1994,N
chambch01,1994,N
hendrge01,1994,N
hornebo01,1994,N
mcgresc01,1994,N
sotoma01,1994,N
durocle01,1994,Y
rizzuph01,1994,Y
schmimi01,1995,Y
niekrph01,1995,N
suttodo01,1995,N
perezto01,1995,N
garvest01,1995,N
olivato01,1995,N
santoro01,1995,N
riceji01,1995,N
suttebr01,1995,N
kaatji01,1995,N
johnto01,1995,N
allendi01,1995,N
minosmi01,1995,N
floodcu01,1995,N
torrejo01,1995,N
tiantlu01,1995,N
conceda01,1995,N
bondsbo01,1995,N
pinsova01,1995,N
munsoth01,1995,N
nettlgr01,1995,N
bluevi01,1995,N
lolicmi01,1995,N
guidrro01,1995,N
staubru01,1995,N
fostege01,1995,N
baylodo01,1995,N
bellbu01,1995,N
evansda01,1995,N
tekulke01,1995,N
forscbo01,1995,N
hernawi01,1995,N
krukomi01,1995,N
speiech01,1995,N
sundbji01,1995,N
alexado01,1995,N
grossgr01,1995,N
rhoderi01,1995,N
trillma01,1995,N
ashburi01,1995,Y
dayle99,1995,Y
hulbewi99,1995,Y
willivi01,1995,Y
niekrph01,1996,N
perezto01,1996,N
suttodo01,1996,N
garvest01,1996,N
santoro01,1996,N
olivato01,1996,N
riceji01,1996,N
suttebr01,1996,N
johnto01,1996,N
kaatji01,1996,N
allendi01,1996,N
floodcu01,1996,N
tiantlu01,1996,N
conceda01,1996,N
minosmi01,1996,N
pinsova01,1996,N
torrejo01,1996,N
guidrro01,1996,N
nettlgr01,1996,N
boonebo01,1996,N
lolicmi01,1996,N
lynnfr01,1996,N
bondsbo01,1996,N
hernake01,1996,N
staubru01,1996,N
quiseda01,1996,N
whitefr01,1996,N
bucknbi01,1996,N
reussje01,1996,N
tudorjo01,1996,N
lemonch01,1996,N
kneppbo01,1996,N
leonaje01,1996,N
rayjo01,1996,N
washicl01,1996,N
bunniji01,1996,Y
fostebi99,1996,Y
hanlone01,1996,Y
weaveea99,1996,Y
niekrph01,1997,Y
suttodo01,1997,N
perezto01,1997,N
santoro01,1997,N
riceji01,1997,N
garvest01,1997,N
suttebr01,1997,N
kaatji01,1997,N
torrejo01,1997,N
johnto01,1997,N
minosmi01,1997,N
parkeda01,1997,N
allendi01,1997,N
conceda01,1997,N
tiantlu01,1997,N
hernake01,1997,N
lolicmi01,1997,N
guidrro01,1997,N
boonebo01,1997,N
evansdw01,1997,N
griffke01,1997,N
lynnfr01,1997,N
nettlgr01,1997,N
bondsbo01,1997,N
staubru01,1997,N
reuscri01,1997,N
scottmi03,1997,N
templga01,1997,N
kennete02,1997,N
puhlte01,1997,N
foxne01,1997,Y
lasorto01,1997,Y
wellswi99,1997,Y
suttodo01,1998,Y
perezto01,1998,N
santoro01,1998,N
riceji01,1998,N
cartega01,1998,N
garvest01,1998,N
suttebr01,1998,N
johnto01,1998,N
kaatji01,1998,N
parkeda01,1998,N
blylebe01,1998,N
conceda01,1998,N
minosmi01,1998,N
tiantlu01,1998,N
hernake01,1998,N
evansdw01,1998,N
lolicmi01,1998,N
guidrro01,1998,N
boonebo01,1998,N
clarkja01,1998,N
guerrpe01,1998,N
randowi01,1998,N
lansfca01,1998,N
downibr01,1998,N
flanami01,1998,N
dempsri01,1998,N
davisge01,1998,Y
dobyla01,1998,Y
macphle99,1998,Y
roganbu99,1998,Y
ryanno01,1999,Y
brettge01,1999,Y
yountro01,1999,Y
fiskca01,1999,N
perezto01,1999,N
cartega01,1999,N
garvest01,1999,N
riceji01,1999,N
suttebr01,1999,N
kaatji01,1999,N
murphda05,1999,N
johnto01,1999,N
parkeda01,1999,N
minosmi01,1999,N
blylebe01,1999,N
conceda01,1999,N
tiantlu01,1999,N
hernake01,1999,N
guidrro01,1999,N
boonebo01,1999,N
lolicmi01,1999,N
evansdw01,1999,N
bellge02,1999,N
candejo01,1999,N
boddimi01,1999,N
leibrch01,1999,N
tananfr01,1999,N
wittmi01,1999,N
cepedor01,1999,Y
chylane99,1999,Y
seleefr99,1999,Y
willijo99,1999,Y
fiskca01,2000,Y
perezto01,2000,Y
riceji01,2000,N
cartega01,2000,N
suttebr01,2000,N
gossari01,2000,N
garvest01,2000,N
johnto01,2000,N
kaatji01,2000,N
murphda05,2000,N
morrija02,2000,N
parkeda01,2000,N
blylebe01,2000,N
tiantlu01,2000,N
conceda01,2000,N
hernake01,2000,N
guidrro01,2000,N
reardje01,2000,N
boonebo01,2000,N
wilsowi02,2000,N
sutclri01,2000,N
hrbekke01,2000,N
houghch01,2000,N
hendeda01,2000,N
saxst01,2000,N
gullibi01,2000,N
hurstbr01,2000,N
smithlo01,2000,N
welchbo01,2000,N
brookhu01,2000,N
andersp01,2000,Y
mcphebi01,2000,Y
steartu99,2000,Y
winfida01,2001,Y
puckeki01,2001,Y
cartega01,2001,N
riceji01,2001,N
suttebr01,2001,N
gossari01,2001,N
garvest01,2001,N
johnto01,2001,N
mattido01,2001,N
kaatji01,2001,N
blylebe01,2001,N
morrija02,2001,N
murphda05,2001,N
parkeda01,2001,N
conceda01,2001,N
tiantlu01,2001,N
hernake01,2001,N
stewada01,2001,N
guidrro01,2001,N
whitalo01,2001,N
gibsoki01,2001,N
parrila02,2001,N
henketo01,2001,N
righeda01,2001,N
bedrost01,2001,N
brownto05,2001,N
darliro01,2001,N
deshaji01,2001,N
krukjo01,2001,N
rijojo01,2001,N
johnsho01,2001,N
vanslan01,2001,N
mazerbi01,2001,Y
smithhi99,2001,Y
smithoz01,2002,Y
cartega01,2002,N
riceji01,2002,N
suttebr01,2002,N
dawsoan01,2002,N
gossari01,2002,N
garvest01,2002,N
johnto01,2002,N
blylebe01,2002,N
kaatji01,2002,N
morrija02,2002,N
mattido01,2002,N
tiantlu01,2002,N
trammal01,2002,N
murphda05,2002,N
parkeda01,2002,N
conceda01,2002,N
hernake01,2002,N
guidrro01,2002,N
stewada01,2002,N
greenmi01,2002,N
violafr01,2002,N
dykstle01,2002,N
wallati01,2002,N
hennemi01,2002,N
russeje01,2002,N
sandesc02,2002,N
thompro01,2002,N
murraed02,2003,Y
cartega01,2003,Y
suttebr01,2003,N
riceji01,2003,N
dawsoan01,2003,N
sandbry01,2003,N
smithle02,2003,N
gossari01,2003,N
blylebe01,2003,N
garvest01,2003,N
kaatji01,2003,N
johnto01,2003,N
morrija02,2003,N
trammal01,2003,N
mattido01,2003,N
murphda05,2003,N
conceda01,2003,N
parkeda01,2003,N
valenfe01,2003,N
hernake01,2003,N
kileda01,2003,N
colemvi01,2003,N
butlebr01,2003,N
fernasi01,2003,N
honeyri01,2003,N
penato01,2003,N
daultda01,2003,N
davisma01,2003,N
tartada01,2003,N
jacksda02,2003,N
tettlmi01,2003,N
willimi02,2003,N
worreto01,2003,N
molitpa01,2004,Y
eckerde01,2004,Y
sandbry01,2004,N
suttebr01,2004,N
riceji01,2004,N
dawsoan01,2004,N
gossari01,2004,N
smithle02,2004,N
blylebe01,2004,N
morrija02,2004,N
garvest01,2004,N
johnto01,2004,N
trammal01,2004,N
mattido01,2004,N
conceda01,2004,N
parkeda01,2004,N
murphda05,2004,N
hernake01,2004,N
cartejo01,2004,N
valenfe01,2004,N
martide01,2004,N
stiebda01,2004,N
eisenji01,2004,N
keyji01,2004,N
drabedo01,2004,N
mitchke01,2004,N
samueju01,2004,N
fieldce01,2004,N
myersra01,2004,N
pendlte01,2004,N
darwida01,2004,N
tewksbo01,2004,N
boggswa01,2005,Y
sandbry01,2005,Y
suttebr01,2005,N
riceji01,2005,N
gossari01,2005,N
dawsoan01,2005,N
blylebe01,2005,N
smithle02,2005,N
morrija02,2005,N
johnto01,2005,N
garvest01,2005,N
trammal01,2005,N
parkeda01,2005,N
mattido01,2005,N
conceda01,2005,N
murphda05,2005,N
mcgeewi01,2005,N
abbotji01,2005,N
strawda01,2005,N
mcdowja01,2005,N
davisch01,2005,N
candito01,2005,N
montgje01,2005,N
phillto02,2005,N
steinte01,2005,N
langsma01,2005,N
nixonot01,2005,N
suttebr01,2006,Y
riceji01,2006,N
gossari01,2006,N
dawsoan01,2006,N
blylebe01,2006,N
smithle02,2006,N
morrija02,2006,N
johnto01,2006,N
garvest01,2006,N
trammal01,2006,N
parkeda01,2006,N
conceda01,2006,N
mattido01,2006,N
hershor01,2006,N
murphda05,2006,N
belleal01,2006,N
clarkwi02,2006,N
goodedw01,2006,N
mcgeewi01,2006,N
guilloz01,2006,N
morriha02,2006,N
gaettga01,2006,N
wettejo01,2006,N
aguilri01,2006,N
jeffegr01,2006,N
jonesdo01,2006,N
weisswa01,2006,N
disarga01,2006,N
fernaal01,2006,N
brownra99,2006,Y
brownwi02,2006,Y
coopean99,2006,Y
grantfr99,2006,Y
hillpe99,2006,Y
mackebi99,2006,Y
manleef99,2006,Y
mendejo99,2006,Y
pompeal99,2006,Y
poseycu99,2006,Y
santolo99,2006,Y
suttlmu99,2006,Y
taylobe99,2006,Y
torricr99,2006,Y
whiteso99,2006,Y
wilkijl99,2006,Y
wilsoju99,2006,Y
ripkeca01,2007,Y
gwynnto01,2007,Y
gossari01,2007,N
riceji01,2007,N
dawsoan01,2007,N
blylebe01,2007,N
smithle02,2007,N
morrija02,2007,N
mcgwima01,2007,N
johnto01,2007,N
garvest01,2007,N
conceda01,2007,N
trammal01,2007,N
parkeda01,2007,N
mattido01,2007,N
murphda05,2007,N
baineha01,2007,N
hershor01,2007,N
belleal01,2007,N
oneilpa01,2007,N
saberbr01,2007,N
cansejo01,2007,N
fernato01,2007,N
bicheda01,2007,N
daviser01,2007,N
bonilbo01,2007,N
caminke01,2007,N
buhneja01,2007,N
brosisc01,2007,N
joynewa01,2007,N
whitede03,2007,N
wittbo01,2007,N
gossari01,2008,Y
riceji01,2008,N
dawsoan01,2008,N
blylebe01,2008,N
smithle02,2008,N
morrija02,2008,N
johnto01,2008,N
raineti01,2008,N
mcgwima01,2008,N
trammal01,2008,N
conceda01,2008,N
mattido01,2008,N
parkeda01,2008,N
murphda05,2008,N
baineha01,2008,N
beckro01,2008,N
frymatr01,2008,N
nenro01,2008,N
dunstsh01,2008,N
finlech01,2008,N
justida01,2008,N
knoblch01,2008,N
stottto01,2008,N
anderbr01,2008,N
rijojo01,2008,N
dreyfba99,2008,Y
kuhnbo99,2008,Y
omallwa99,2008,Y
southbi01,2008,Y
willidi02,2008,Y
henderi01,2009,Y
riceji01,2009,Y
dawsoan01,2009,N
blylebe01,2009,N
smithle02,2009,N
morrija02,2009,N
johnto01,2009,N
raineti01,2009,N
mcgwima01,2009,N
trammal01,2009,N
parkeda01,2009,N
mattido01,2009,N
murphda05,2009,N
baineha01,2009,N
gracema01,2009,N
coneda01,2009,N
willima04,2009,N
vaughmo01,2009,N
bellja01,2009,N
oroscje01,2009,N
gantro01,2009,N
plesada01,2009,N
vaughgr01,2009,N
gordojo01,2009,Y
dawsoan01,2010,Y
blylebe01,2010,N
alomaro01,2010,N
morrija02,2010,N
larkiba01,2010,N
smithle02,2010,N
martied01,2010,N
raineti01,2010,N
mcgwima01,2010,N
trammal01,2010,N
mcgrifr01,2010,N
mattido01,2010,N
parkeda01,2010,N
murphda05,2010,N
baineha01,2010,N
galaran01,2010,N
venturo01,2010,N
karroer01,2010,N
burksel01,2010,N
hentgpa01,2010,N
appieke01,2010,N
seguida01,2010,N
reynosh01,2010,N
lankfra01,2010,N
zeileto01,2010,N
jacksmi02,2010,N
herzowh01,2010,Y
harvedo99,2010,Y
alomaro01,2011,Y
blylebe01,2011,Y
larkiba01,2011,N
morrija02,2011,N
smithle02,2011,N
bagweje01,2011,N
raineti01,2011,N
martied01,2011,N
trammal01,2011,N
walkela01,2011,N
mcgwima01,2011,N
mcgrifr01,2011,N
parkeda01,2011,N
mattido01,2011,N
murphda05,2011,N
palmera01,2011,N
gonzaju03,2011,N
baineha01,2011,N
francjo01,2011,N
brownke01,2011,N
martiti02,2011,N
grissma02,2011,N
leiteal01,2011,N
olerujo01,2011,N
surhobj01,2011,N
boonebr01,2011,N
santibe01,2011,N
baergca01,2011,N
harrile01,2011,N
higgibo02,2011,N
johnsch04,2011,N
mondera01,2011,N
rueteki01,2011,N
gillipa99,2011,Y
larkiba01,2012,Y
morrija02,2012,N
bagweje01,2012,N
smithle02,2012,N
raineti01,2012,N
trammal01,2012,N
martied01,2012,N
mcgrifr01,2012,N
walkela01,2012,N
mcgwima01,2012,N
mattido01,2012,N
murphda05,2012,N
palmera01,2012,N
willibe02,2012,N
gonzaju03,2012,N
castivi02,2012,N
salmoti01,2012,N
muellbi02,2012,N
radkebr01,2012,N
lopezja01,2012,N
younger01,2012,N
nevinph01,2012,N
jordabr01,2012,N
sierrru01,2012,N
burnije01,2012,N
mulhote01,2012,N
womacto01,2012,N
santoro01,2012,Y
biggicr01,2013,N
morrija02,2013,N
bagweje01,2013,N
piazzmi01,2013,N
raineti01,2013,N
smithle02,2013,N
schilcu01,2013,N
clemero02,2013,N
bondsba01,2013,N
martied01,2013,N
trammal01,2013,N
walkela01,2013,N
mcgrifr01,2013,N
murphda05,2013,N
mcgwima01,2013,N
mattido01,2013,N
sosasa01,2013,N
palmera01,2013,N
willibe02,2013,N
loftoke01,2013,N
alomasa02,2013,N
francju02,2013,N
wellsda01,2013,N
finlest01,2013,N
greensh01,2013,N
seleaa01,2013,N
cirilje01,2013,N
coninje01,2013,N
mesajo01,2013,N
stantmi01,2013,N
sandere02,2013,N
hernaro01,2013,N
whitero02,2013,N
claytro01,2013,N
kleskry01,2013,N
walketo04,2013,N
williwo02,2013,N
ruperja99,2013,Y
odayha01,2013,Y
whitede01,2013,Y
coxbo01,2014,Y
larusto01,2014,Y
torrejo01,2014,Y
maddugr01,2014,Y
glavito02,2014,Y
thomafr04,2014,Y
biggicr01,2014,N
piazzmi01,2014,N
morrija02,2014,N
bagweje01,2014,N
raineti01,2014,N
clemero02,2014,N
bondsba01,2014,N
smithle02,2014,N
schilcu01,2014,N
martied01,2014,N
trammal01,2014,N
mussimi01,2014,N
kentje01,2014,N
mcgrifr01,2014,N
mcgwima01,2014,N
walkela01,2014,N
mattido01,2014,N
sosasa01,2014,N
palmera01,2014,N
aloumo01,2014,N
nomohi01,2014,N
gonzalu01,2014,N
gagneer01,2014,N
snowjt01,2014,N
benitar01,2014,N
rogerke01,2014,N
jonesja05,2014,N
timlimi01,2014,N
loducpa01,2014,N
sexsori01,2014,N
caseyse01,2014,N
jonesto02,2014,N
durhara01,2014,N
johnsra05,2015,Y
martipe02,2015,Y
smoltjo01,2015,Y
biggicr01,2015,Y
piazzmi01,2015,N
bagweje01,2015,N
raineti01,2015,N
schilcu01,2015,N
clemero02,2015,N
bondsba01,2015,N
smithle02,2015,N
martied01,2015,N
trammal01,2015,N
mussimi01,2015,N
kentje01,2015,N
mcgrifr01,2015,N
walkela01,2015,N
sheffga01,2015,N
mcgwima01,2015,N
mattido01,2015,N
sosasa01,2015,N
garcino01,2015,N
delgaca01,2015,N
percitr01,2015,N
gordoto01,2015,N
booneaa01,2015,N
erstada01,2015,N
clarkto02,2015,N
gilesbr02,2015,N
aurilri01,2015,N
guarded01,2015,N
schmija01,2015,N
dyeje01,2015,N
floydcl01,2015,N
griffke02,2016,Y
piazzmi01,2016,Y
bagweje01,2016,N
raineti01,2016,N
hoffmtr01,2016,N
schilcu01,2016,N
clemero02,2016,N
bondsba01,2016,N
martied01,2016,N
mussimi01,2016,N
trammal01,2016,N
smithle02,2016,N
mcgrifr01,2016,N
kentje01,2016,N
walkela01,2016,N
mcgwima01,2016,N
sheffga01,2016,N
wagnebi02,2016,N
sosasa01,2016,N
edmonji01,2016,N
garcino01,2016,N
sweenmi01,2016,N
kendaja01,2016,N
eckstda01,2016,N
anderga01,2016,N
glaustr01,2016,N
winnra01,2016,N
grudzma01,2016,N
ausmubr01,2016,N
hamptmi01,2016,N
castilu01,2016,N
lowelmi01,2016,N
bagweje01,2017,Y
raineti01,2017,Y
rodriiv01,2017,Y
hoffmtr01,2017,N
guerrvl01,2017,N
martied01,2017,N
clemero02,2017,N
bondsba01,2017,N
mussimi01,2017,N
schilcu01,2017,N
smithle02,2017,N
ramirma02,2017,N
walkela01,2017,N
mcgrifr01,2017,N
kentje01,2017,N
sheffga01,2017,N
wagnebi02,2017,N
sosasa01,2017,N
posadjo01,2017,N
ordonma01,2017,N
renteed01,2017,N
varitja01,2017,N
wakefti01,2017,N
blakeca01,2017,N
burrepa01,2017,N
cabreor01,2017,N
camermi01,2017,N
drewjd01,2017,N
guillca01,2017,N
leede02,2017,N
morame01,2017,N
rhodear01,2017,N
sanchfr01,2017,N
stairma01,2017,N
seligbu99,2017,Y
schurjo99,2017,Y
jonesch06,2018,Y
guerrvl01,2018,Y
thomeji01,2018,Y
hoffmtr01,2018,Y
martied01,2018,N
mussimi01,2018,N
clemero02,2018,N
bondsba01,2018,N
schilcu01,2018,N
vizquom01,2018,N
walkela01,2018,N
mcgrifr01,2018,N
ramirma02,2018,N
kentje01,2018,N
sheffga01,2018,N
wagnebi02,2018,N
rolensc01,2018,N
sosasa01,2018,N
jonesan01,2018,N
moyerja01,2018,N
santajo01,2018,N
damonjo01,2018,N
matsuhi01,2018,N
carpech01,2018,N
woodke02,2018,N
hernali01,2018,N
leeca01,2018,N
hudsoor01,2018,N
huffau01,2018,N
isrinja01,2018,N
lidgebr01,2018,N
millwke01,2018,N
zambrca01,2018,N
morrija02,2018,Y
trammal01,2018,Y